market,exchange_mic,ticker,security_name,event_type,effective_from,effective_to,reason,date_basis,source_url,source_kind,retrieved_at,content_sha256
HK,XHKG,02202,CHINA VANKE (万科企业股份有限公司),listed,2014-06-25,,HKEXnews announcement of HKEX listing approval; text states dealings 'expected to commence' at 9:00 a.m. on the stated date; H-share line of A-share 000002,prose_in_official_doc,https://www1.hkexnews.hk/listedco/listconews/sehk/2014/0624/ltn20140624644.pdf,announcement,2026-10-04T17:25:58Z,d4ff04ea4c24db0feab61e64461b76df1edb7111ab5536e6a00324ba9caa985d
HK,XHKG,06066,CSC FINANCIAL CO. LTD. (中信建投证券),listed,2016-12-09,,HKEXnews IPO allotment-results announcement; text states dealings 'expected to commence' at 9:00 a.m. on the stated date; stock code 6066; H-share line of A-share 601066,prose_in_official_doc,https://www1.hkexnews.hk/listedco/listconews/sehk/2016/1208/06066_2811863/E102.PDF,announcement,2026-10-04T17:25:59Z,096c8fdd193ff56b60514962bf59261384b62842fe4a116f3a82a865528654c6
CN,XSHE,000002,万科Ａ,listed,1991-01-29,,,structured,https://www.szse.cn/api/report/ShowReport/data?SHOWTYPE=JSON&CATALOGID=1110&TABKEY=tab1&PAGENO=1,securities_list,2026-10-04T17:20:11Z,5385340d5d464a8f890d3d3f7f7b86697a9509841e1a05888aeb272a948ac59a
CN,XSHE,000026,飞亚达,listed,1993-06-03,,,structured,https://www.szse.cn/api/report/ShowReport/data?SHOWTYPE=JSON&CATALOGID=1110&TABKEY=tab1&PAGENO=1,securities_list,2026-10-04T17:20:11Z,5385340d5d464a8f890d3d3f7f7b86697a9509841e1a05888aeb272a948ac59a
CN,XSHE,000400,许继电气,listed,1997-04-18,,,structured,https://www.szse.cn/api/report/ShowReport/data?SHOWTYPE=JSON&CATALOGID=1110&TABKEY=tab1&PAGENO=4,securities_list,2026-10-04T17:20:20Z,34abf1964dc98b72d661cf0dc665c8efc80968d7c4e3c3e99f92aa2bd326c803
CN,XSHE,000547,航天发展,listed,1993-11-30,,,structured,https://www.szse.cn/api/report/ShowReport/data?SHOWTYPE=JSON&CATALOGID=1110&TABKEY=tab1&PAGENO=7,securities_list,2026-10-04T17:20:29Z,2711a248003444ba03aa21c36b0fa505361b6f77a4d0a88e5b4d47f1bcdcae18
CN,XSHE,000596,古井贡酒,listed,1996-09-27,,,structured,https://www.szse.cn/api/report/ShowReport/data?SHOWTYPE=JSON&CATALOGID=1110&TABKEY=tab1&PAGENO=8,securities_list,2026-10-04T17:20:31Z,b407b6f5390b0056bc1b969d0c817a9d34f878c89a9eff81eb15c61d59662d4e
CN,XSHE,000625,长安汽车,listed,1997-06-10,,,structured,https://www.szse.cn/api/report/ShowReport/data?SHOWTYPE=JSON&CATALOGID=1110&TABKEY=tab1&PAGENO=9,securities_list,2026-10-04T17:20:33Z,2535236640aeeaef60373b30e2e9f957646e679c77694e9734719de61422d2b9
CN,XSHE,000651,格力电器,listed,1996-11-18,,,structured,https://www.szse.cn/api/report/ShowReport/data?SHOWTYPE=JSON&CATALOGID=1110&TABKEY=tab1&PAGENO=10,securities_list,2026-10-04T17:20:35Z,30c343cec29f7574cc9ffc8bc573cd842c8dd46680fd675484755ff4d22b9a3a
CN,XSHE,000672,上峰材料,listed,1996-12-18,,,structured,https://www.szse.cn/api/report/ShowReport/data?SHOWTYPE=JSON&CATALOGID=1110&TABKEY=tab1&PAGENO=11,securities_list,2026-10-04T17:20:37Z,d14078dac7df38fe19200f03c687d65198b500801fc311fc832dff9d1a4d2862
CN,XSHE,000681,视觉中国,listed,1997-01-21,,,structured,https://www.szse.cn/api/report/ShowReport/data?SHOWTYPE=JSON&CATALOGID=1110&TABKEY=tab1&PAGENO=11,securities_list,2026-10-04T17:20:37Z,d14078dac7df38fe19200f03c687d65198b500801fc311fc832dff9d1a4d2862
CN,XSHE,000725,京东方Ａ,listed,2001-01-12,,,structured,https://www.szse.cn/api/report/ShowReport/data?SHOWTYPE=JSON&CATALOGID=1110&TABKEY=tab1&PAGENO=12,securities_list,2026-10-04T17:20:40Z,cda9bd82dcc76274a00763cf7d96635c8d0fcedb9230d83de3324c6513dae5c1
CN,XSHE,000738,航发控制,listed,1997-06-26,,,structured,https://www.szse.cn/api/report/ShowReport/data?SHOWTYPE=JSON&CATALOGID=1110&TABKEY=tab1&PAGENO=13,securities_list,2026-10-04T17:20:42Z,addbe93e44ae645862ad1c36f6563cd4636534e3e90a4c63ffa068fc50a2b888
CN,XSHE,000768,中航西飞,listed,1997-06-26,,,structured,https://www.szse.cn/api/report/ShowReport/data?SHOWTYPE=JSON&CATALOGID=1110&TABKEY=tab1&PAGENO=14,securities_list,2026-10-04T17:20:45Z,0df40653759415563373901702a3508f8e51e36aa01e9b499ea34a2b492e40ad
CN,XSHE,000783,长江证券,listed,1997-07-31,,,structured,https://www.szse.cn/api/report/ShowReport/data?SHOWTYPE=JSON&CATALOGID=1110&TABKEY=tab1&PAGENO=14,securities_list,2026-10-04T17:20:45Z,0df40653759415563373901702a3508f8e51e36aa01e9b499ea34a2b492e40ad
CN,XSHE,000786,北新建材,listed,1997-06-06,,,structured,https://www.szse.cn/api/report/ShowReport/data?SHOWTYPE=JSON&CATALOGID=1110&TABKEY=tab1&PAGENO=14,securities_list,2026-10-04T17:20:45Z,0df40653759415563373901702a3508f8e51e36aa01e9b499ea34a2b492e40ad
CN,XSHE,000938,紫光股份,listed,1999-11-04,,,structured,https://www.szse.cn/api/report/ShowReport/data?SHOWTYPE=JSON&CATALOGID=1110&TABKEY=tab1&PAGENO=19,securities_list,2026-10-04T17:20:56Z,0b05da94fffab1b56004a1f1f477385d18211e90771f40c7442eb29fe009df1e
CN,XSHE,000977,浪潮信息,listed,2000-06-08,,,structured,https://www.szse.cn/api/report/ShowReport/data?SHOWTYPE=JSON&CATALOGID=1110&TABKEY=tab1&PAGENO=20,securities_list,2026-10-04T17:20:59Z,fe0c97b72a6fea31967a970d34abc574cb0e32f1860dbc3498b33a07be1854f0
CN,XSHE,002013,中航机电,listed,2004-07-05,,,prose_in_official_doc,https://static.cninfo.com.cn/finalpage/2004-06-29/14194808.PDF,announcement,2026-10-04T17:25:53Z,448f54b01e8f31f4b8d0bd36e683833439f8c5d8f8071643df4e5832db22d8d8
CN,XSHE,002013,中航机电,delisted,2023-03-17,,termination of listing and delisting following merger with AVIC Electromechanical (中航电子换股吸收合并),prose_in_official_doc,https://static.cninfo.com.cn/finalpage/2023-03-17/1216135561.PDF,announcement,2026-10-04T17:25:53Z,95730e18babb6b88fee3547f66d889e73b5ac5cba1c1fd7098afabe657cf8744
CN,XSHE,002027,分众传媒,listed,2004-08-04,,,structured,https://www.szse.cn/api/report/ShowReport/data?SHOWTYPE=JSON&CATALOGID=1110&TABKEY=tab1&PAGENO=28,securities_list,2026-10-04T17:21:16Z,9887d5acf9529ef99286701c35d904065c1216f0b5afc0b1e873d27d213de68d
CN,XSHE,002122,ST汇洲,listed,2007-03-28,,,structured,https://www.szse.cn/api/report/ShowReport/data?SHOWTYPE=JSON&CATALOGID=1110&TABKEY=tab1&PAGENO=33,securities_list,2026-10-04T17:21:26Z,a379664a6de7a73efc6fc8e8597dc2df8dedc67936e110823ff376a0ef71a3ef
CN,XSHE,002156,通富微电,listed,2007-08-16,,,structured,https://www.szse.cn/api/report/ShowReport/data?SHOWTYPE=JSON&CATALOGID=1110&TABKEY=tab1&PAGENO=34,securities_list,2026-10-04T17:21:28Z,cd88d347d1b85614fc77cf128357ae9580f15c14fe6c0c8a8d9010ed87529bdf
CN,XSHE,002168,ST惠程,listed,2007-09-19,,,structured,https://www.szse.cn/api/report/ShowReport/data?SHOWTYPE=JSON&CATALOGID=1110&TABKEY=tab1&PAGENO=35,securities_list,2026-10-04T17:21:32Z,6e92a2f2692091001c39c50a7e29e5e3ad62e10a5e1caf94df076dec9340cb95
CN,XSHE,002179,中航光电,listed,2007-11-01,,,structured,https://www.szse.cn/api/report/ShowReport/data?SHOWTYPE=JSON&CATALOGID=1110&TABKEY=tab1&PAGENO=36,securities_list,2026-10-04T17:21:36Z,f8433ba2320c1e8eb8c801f573e4205da9797bc89f17dad8cf98f6051dfea109
CN,XSHE,002230,科大讯飞,listed,2008-05-12,,,structured,https://www.szse.cn/api/report/ShowReport/data?SHOWTYPE=JSON&CATALOGID=1110&TABKEY=tab1&PAGENO=38,securities_list,2026-10-04T17:21:41Z,1feb4ed5109ab4ef70172cca3efdac8488f9e6b24e7856c688739941869787a5
CN,XSHE,002262,恩华药业,listed,2008-07-23,,,structured,https://www.szse.cn/api/report/ShowReport/data?SHOWTYPE=JSON&CATALOGID=1110&TABKEY=tab1&PAGENO=40,securities_list,2026-10-04T17:21:47Z,89c9cb251a84dc7c54e92cd88f97fe03600b9a4c0707a83415b64f59caa6d9ef
CN,XSHE,002271,东方雨虹,listed,2008-09-10,,,structured,https://www.szse.cn/api/report/ShowReport/data?SHOWTYPE=JSON&CATALOGID=1110&TABKEY=tab1&PAGENO=40,securities_list,2026-10-04T17:21:47Z,89c9cb251a84dc7c54e92cd88f97fe03600b9a4c0707a83415b64f59caa6d9ef
CN,XSHE,002281,光迅科技,listed,2009-08-21,,,structured,https://www.szse.cn/api/report/ShowReport/data?SHOWTYPE=JSON&CATALOGID=1110&TABKEY=tab1&PAGENO=40,securities_list,2026-10-04T17:21:47Z,89c9cb251a84dc7c54e92cd88f97fe03600b9a4c0707a83415b64f59caa6d9ef
CN,XSHE,002304,洋河股份,listed,2009-11-06,,,structured,https://www.szse.cn/api/report/ShowReport/data?SHOWTYPE=JSON&CATALOGID=1110&TABKEY=tab1&PAGENO=42,securities_list,2026-10-04T17:21:51Z,477447b7d2f4ec3c1140bc0499f3f878c1e0f395c002eaf1ec782f33225feb4b
CN,XSHE,002345,潮宏基,listed,2010-01-28,,,structured,https://www.szse.cn/api/report/ShowReport/data?SHOWTYPE=JSON&CATALOGID=1110&TABKEY=tab1&PAGENO=43,securities_list,2026-10-04T17:21:53Z,d03d628f0f09b7f4cfebafcebf9bbeeca41381311e7e1c1f806bc57a1aab7dd5
CN,XSHE,002371,北方华创,listed,2010-03-16,,,structured,https://www.szse.cn/api/report/ShowReport/data?SHOWTYPE=JSON&CATALOGID=1110&TABKEY=tab1&PAGENO=45,securities_list,2026-10-04T17:21:57Z,a42ab2f61be1b3a09e2abd2f344c8959923f5beac3f0fdc9582872a8675977c7
CN,XSHE,002372,伟星新材,listed,2010-03-18,,,structured,https://www.szse.cn/api/report/ShowReport/data?SHOWTYPE=JSON&CATALOGID=1110&TABKEY=tab1&PAGENO=45,securities_list,2026-10-04T17:21:57Z,a42ab2f61be1b3a09e2abd2f344c8959923f5beac3f0fdc9582872a8675977c7
CN,XSHE,002409,雅克科技,listed,2010-05-25,,,structured,https://www.szse.cn/api/report/ShowReport/data?SHOWTYPE=JSON&CATALOGID=1110&TABKEY=tab1&PAGENO=47,securities_list,2026-10-04T17:22:01Z,89e84c8c8e47581723df19dce65b6e218632d5751a45278d27c48c410554a257
CN,XSHE,002410,广联达,listed,2010-05-25,,,structured,https://www.szse.cn/api/report/ShowReport/data?SHOWTYPE=JSON&CATALOGID=1110&TABKEY=tab1&PAGENO=47,securities_list,2026-10-04T17:22:01Z,89e84c8c8e47581723df19dce65b6e218632d5751a45278d27c48c410554a257
CN,XSHE,002415,海康威视,listed,2010-05-28,,,structured,https://www.szse.cn/api/report/ShowReport/data?SHOWTYPE=JSON&CATALOGID=1110&TABKEY=tab1&PAGENO=47,securities_list,2026-10-04T17:22:01Z,89e84c8c8e47581723df19dce65b6e218632d5751a45278d27c48c410554a257
CN,XSHE,002430,杭氧股份,listed,2010-06-10,,,structured,https://www.szse.cn/api/report/ShowReport/data?SHOWTYPE=JSON&CATALOGID=1110&TABKEY=tab1&PAGENO=47,securities_list,2026-10-04T17:22:01Z,89e84c8c8e47581723df19dce65b6e218632d5751a45278d27c48c410554a257
CN,XSHE,002472,双环传动,listed,2010-09-10,,,structured,https://www.szse.cn/api/report/ShowReport/data?SHOWTYPE=JSON&CATALOGID=1110&TABKEY=tab1&PAGENO=49,securities_list,2026-10-04T17:22:05Z,f0af8c8b2d78cf85ccfba57d87ddde68bddce2ef5bee542b2b5296729450aaa1
CN,XSHE,002536,飞龙股份,listed,2011-01-11,,,structured,https://www.szse.cn/api/report/ShowReport/data?SHOWTYPE=JSON&CATALOGID=1110&TABKEY=tab1&PAGENO=52,securities_list,2026-10-04T17:22:12Z,f4943af8e6380a691d1bac5f39db63f9b06af7c91b24a77096aef1620fe99606
CN,XSHE,002555,三七互娱,listed,2011-03-02,,,structured,https://www.szse.cn/api/report/ShowReport/data?SHOWTYPE=JSON&CATALOGID=1110&TABKEY=tab1&PAGENO=53,securities_list,2026-10-04T17:22:14Z,bd6c1b45bf6ac4a533966fbcdb1a108efdd622d6e25b9f7ec13cf332b016c98e
CN,XSHE,002557,洽洽食品,listed,2011-03-02,,,structured,https://www.szse.cn/api/report/ShowReport/data?SHOWTYPE=JSON&CATALOGID=1110&TABKEY=tab1&PAGENO=53,securities_list,2026-10-04T17:22:14Z,bd6c1b45bf6ac4a533966fbcdb1a108efdd622d6e25b9f7ec13cf332b016c98e
CN,XSHE,002572,索菲亚,listed,2011-04-12,,,structured,https://www.szse.cn/api/report/ShowReport/data?SHOWTYPE=JSON&CATALOGID=1110&TABKEY=tab1&PAGENO=54,securities_list,2026-10-04T17:22:16Z,af1e4eb03019c120fc8e7806a55d633b0dae19e56d8474ce512221e3a7ced0eb
CN,XSHE,002597,金禾实业,listed,2011-07-07,,,structured,https://www.szse.cn/api/report/ShowReport/data?SHOWTYPE=JSON&CATALOGID=1110&TABKEY=tab1&PAGENO=55,securities_list,2026-10-04T17:22:18Z,cc49d0c4e56ed815b58c804179034e2cfb4b347a9c57753824da8e5644ea653a
CN,XSHE,002624,完美世界,listed,2011-10-28,,,structured,https://www.szse.cn/api/report/ShowReport/data?SHOWTYPE=JSON&CATALOGID=1110&TABKEY=tab1&PAGENO=56,securities_list,2026-10-04T17:22:21Z,4d79ad84aae496201f6d6724ba0804775b221011e1cef69d8268981e40b79109
CN,XSHE,002643,万润股份,listed,2011-12-20,,,structured,https://www.szse.cn/api/report/ShowReport/data?SHOWTYPE=JSON&CATALOGID=1110&TABKEY=tab1&PAGENO=57,securities_list,2026-10-04T17:22:23Z,fb5ab9c20cf1cca7b47ab308ae426ceeff5815d64cac24488dcef9fece0eab28
CN,XSHE,002747,埃斯顿,listed,2015-03-20,,,structured,https://www.szse.cn/api/report/ShowReport/data?SHOWTYPE=JSON&CATALOGID=1110&TABKEY=tab1&PAGENO=62,securities_list,2026-10-04T17:22:34Z,d081cc6ec26e0099ebd9607391e1a96fea910deb1912c9411d012095780e7e37
CN,XSHE,002768,国恩股份,listed,2015-06-30,,,structured,https://www.szse.cn/api/report/ShowReport/data?SHOWTYPE=JSON&CATALOGID=1110&TABKEY=tab1&PAGENO=63,securities_list,2026-10-04T17:22:36Z,c7b6d79d9787b7a6d81fa03288fac65c6c005d7f2ce8da42cafd5238050f8b96
CN,XSHE,002818,富森美,listed,2016-11-09,,,structured,https://www.szse.cn/api/report/ShowReport/data?SHOWTYPE=JSON&CATALOGID=1110&TABKEY=tab1&PAGENO=65,securities_list,2026-10-04T17:22:40Z,3a64aa798076777051bc3ed30861e31396d38d6c642cb9c6d3a9f51266958bbb
CN,XSHE,002829,星网宇达,listed,2016-12-13,,,structured,https://www.szse.cn/api/report/ShowReport/data?SHOWTYPE=JSON&CATALOGID=1110&TABKEY=tab1&PAGENO=65,securities_list,2026-10-04T17:22:40Z,3a64aa798076777051bc3ed30861e31396d38d6c642cb9c6d3a9f51266958bbb
CN,XSHE,002833,弘亚数控,listed,2016-12-28,,,structured,https://www.szse.cn/api/report/ShowReport/data?SHOWTYPE=JSON&CATALOGID=1110&TABKEY=tab1&PAGENO=66,securities_list,2026-10-04T17:22:43Z,5d5fae86b72f13e2ac985c5c661bcb8cf86b53e9314917231f9f60f3dde267e2
CN,XSHE,002837,英维克,listed,2016-12-29,,,structured,https://www.szse.cn/api/report/ShowReport/data?SHOWTYPE=JSON&CATALOGID=1110&TABKEY=tab1&PAGENO=66,securities_list,2026-10-04T17:22:43Z,5d5fae86b72f13e2ac985c5c661bcb8cf86b53e9314917231f9f60f3dde267e2
CN,XSHE,002867,周大生,listed,2017-04-27,,,structured,https://www.szse.cn/api/report/ShowReport/data?SHOWTYPE=JSON&CATALOGID=1110&TABKEY=tab1&PAGENO=67,securities_list,2026-10-04T17:22:45Z,409cbed6b40d896ffeb923e2be59566b037155ece7536800c94332b048b0402e
CN,XSHE,002887,绿茵生态,listed,2017-08-01,,,structured,https://www.szse.cn/api/report/ShowReport/data?SHOWTYPE=JSON&CATALOGID=1110&TABKEY=tab1&PAGENO=68,securities_list,2026-10-04T17:22:47Z,4996a3ee64845d3242af66c043c94de875ef82d185614f899cd5c14037b13271
CN,XSHE,002896,中大力德,listed,2017-08-29,,,structured,https://www.szse.cn/api/report/ShowReport/data?SHOWTYPE=JSON&CATALOGID=1110&TABKEY=tab1&PAGENO=68,securities_list,2026-10-04T17:22:47Z,4996a3ee64845d3242af66c043c94de875ef82d185614f899cd5c14037b13271
CN,XSHE,002920,德赛西威,listed,2017-12-26,,,structured,https://www.szse.cn/api/report/ShowReport/data?SHOWTYPE=JSON&CATALOGID=1110&TABKEY=tab1&PAGENO=70,securities_list,2026-10-04T17:22:51Z,1011ce3e6043a88ba7366caafbffbb992cc6babecc5148aabd2e074bdd380e19
CN,XSHE,002978,安宁股份,listed,2020-04-17,,,structured,https://www.szse.cn/api/report/ShowReport/data?SHOWTYPE=JSON&CATALOGID=1110&TABKEY=tab1&PAGENO=72,securities_list,2026-10-04T17:22:55Z,d5470bbf01c486a5df3b08b0daacd86e4c3681c6c8dbd521b03ce10818afe2d7
CN,XSHE,300054,鼎龙股份,listed,2010-02-11,,,structured,https://www.szse.cn/api/report/ShowReport/data?SHOWTYPE=JSON&CATALOGID=1110&TABKEY=tab1&PAGENO=78,securities_list,2026-10-04T17:23:10Z,fb8d8d201244535109cf4f33307aea38374037e99232a843b18a760e3d017e0c
CN,XSHE,300114,中航电测,listed,2010-08-27,,security code 300114 renamed to 302132 (AVIC CAC) effective 2025-02-17 per issuer announcement https://static.cninfo.com.cn/finalpage/2025-02-15/1222544408.PDF; the A-share line remains listed under 302132,prose_in_official_doc,https://static.cninfo.com.cn/finalpage/2010-08-26/58355604.PDF,announcement,2026-10-04T17:25:53Z,b38208811871aa94759740400bdeff6be299b1677d4d513abac14d786326adee
CN,XSHE,300144,宋城演艺,listed,2010-12-09,,,structured,https://www.szse.cn/api/report/ShowReport/data?SHOWTYPE=JSON&CATALOGID=1110&TABKEY=tab1&PAGENO=82,securities_list,2026-10-04T17:23:18Z,fe37c8a9084565d58f777f6f89e7fd25926541403fe1038b77be0b92f0b0ed16
CN,XSHE,300229,拓尔思,listed,2011-06-15,,,structured,https://www.szse.cn/api/report/ShowReport/data?SHOWTYPE=JSON&CATALOGID=1110&TABKEY=tab1&PAGENO=86,securities_list,2026-10-04T17:23:27Z,0e43f4c4fe6efd775cf48c26559f36a1319f8ddb721dd34f3d3305f8790171d7
CN,XSHE,300251,光线传媒,listed,2011-08-03,,,structured,https://www.szse.cn/api/report/ShowReport/data?SHOWTYPE=JSON&CATALOGID=1110&TABKEY=tab1&PAGENO=87,securities_list,2026-10-04T17:23:29Z,438ec87a0b5e0943d06f1e045cac2801a28070d8d5d256ff8163f93b648efe57
CN,XSHE,300274,阳光电源,listed,2011-11-02,,,structured,https://www.szse.cn/api/report/ShowReport/data?SHOWTYPE=JSON&CATALOGID=1110&TABKEY=tab1&PAGENO=88,securities_list,2026-10-04T17:23:31Z,5331633716edb0c6c3a480e46e3c570d86e70c37c0e87b9f0d7a36bed4e98c22
CN,XSHE,300308,中际旭创,listed,2012-04-10,,,structured,https://www.szse.cn/api/report/ShowReport/data?SHOWTYPE=JSON&CATALOGID=1110&TABKEY=tab1&PAGENO=89,securities_list,2026-10-04T17:23:33Z,fade4935a0d205ab3010889c2942e1066ceeac2b20b55d38abd0e692d2605abc
CN,XSHE,300327,中颖电子,listed,2012-06-13,,,structured,https://www.szse.cn/api/report/ShowReport/data?SHOWTYPE=JSON&CATALOGID=1110&TABKEY=tab1&PAGENO=90,securities_list,2026-10-04T17:23:35Z,23c9abc5545150b3a64dc3801d21ac712a7a4210b9293130248f5c19e790bf87
CN,XSHE,300346,南大光电,listed,2012-08-07,,,structured,https://www.szse.cn/api/report/ShowReport/data?SHOWTYPE=JSON&CATALOGID=1110&TABKEY=tab1&PAGENO=91,securities_list,2026-10-04T17:23:37Z,f859df52ccf8ae1afeb9fb2b8cd2db6d5459680642a6803f0d0d9e55ba0b827a
CN,XSHE,300381,溢多利,listed,2014-01-28,,,structured,https://www.szse.cn/api/report/ShowReport/data?SHOWTYPE=JSON&CATALOGID=1110&TABKEY=tab1&PAGENO=92,securities_list,2026-10-04T17:23:39Z,eb689a0b70e1a0cecbee5d7376d649fe5e9ba7f145a3e0f1a59519bcac3a9ed3
CN,XSHE,300384,三联虹普,listed,2014-08-01,,,structured,https://www.szse.cn/api/report/ShowReport/data?SHOWTYPE=JSON&CATALOGID=1110&TABKEY=tab1&PAGENO=93,securities_list,2026-10-04T17:23:42Z,8ec6f227e4fd26769833f1356e21bad82fda01da55b9eb2eb2abc6ccfb13536a
CN,XSHE,300394,天孚通信,listed,2015-02-17,,,structured,https://www.szse.cn/api/report/ShowReport/data?SHOWTYPE=JSON&CATALOGID=1110&TABKEY=tab1&PAGENO=93,securities_list,2026-10-04T17:23:42Z,8ec6f227e4fd26769833f1356e21bad82fda01da55b9eb2eb2abc6ccfb13536a
CN,XSHE,300395,菲利华,listed,2014-09-10,,,structured,https://www.szse.cn/api/report/ShowReport/data?SHOWTYPE=JSON&CATALOGID=1110&TABKEY=tab1&PAGENO=93,securities_list,2026-10-04T17:23:42Z,8ec6f227e4fd26769833f1356e21bad82fda01da55b9eb2eb2abc6ccfb13536a
CN,XSHE,300398,飞凯材料,listed,2014-10-09,,,structured,https://www.szse.cn/api/report/ShowReport/data?SHOWTYPE=JSON&CATALOGID=1110&TABKEY=tab1&PAGENO=93,securities_list,2026-10-04T17:23:42Z,8ec6f227e4fd26769833f1356e21bad82fda01da55b9eb2eb2abc6ccfb13536a
CN,XSHE,300408,三环集团,listed,2014-12-03,,,structured,https://www.szse.cn/api/report/ShowReport/data?SHOWTYPE=JSON&CATALOGID=1110&TABKEY=tab1&PAGENO=94,securities_list,2026-10-04T17:23:46Z,f87ee51c5075ae3904d5d839e31a10dbf44edb666828d0125792a2f8bde8664a
CN,XSHE,300409,道氏技术,listed,2014-12-03,,,structured,https://www.szse.cn/api/report/ShowReport/data?SHOWTYPE=JSON&CATALOGID=1110&TABKEY=tab1&PAGENO=94,securities_list,2026-10-04T17:23:46Z,f87ee51c5075ae3904d5d839e31a10dbf44edb666828d0125792a2f8bde8664a
CN,XSHE,300413,芒果超媒,listed,2015-01-21,,,structured,https://www.szse.cn/api/report/ShowReport/data?SHOWTYPE=JSON&CATALOGID=1110&TABKEY=tab1&PAGENO=94,securities_list,2026-10-04T17:23:46Z,f87ee51c5075ae3904d5d839e31a10dbf44edb666828d0125792a2f8bde8664a
CN,XSHE,300416,苏试试验,listed,2015-01-22,,,structured,https://www.szse.cn/api/report/ShowReport/data?SHOWTYPE=JSON&CATALOGID=1110&TABKEY=tab1&PAGENO=94,securities_list,2026-10-04T17:23:46Z,f87ee51c5075ae3904d5d839e31a10dbf44edb666828d0125792a2f8bde8664a
CN,XSHE,300470,中密控股,listed,2015-06-12,,,structured,https://www.szse.cn/api/report/ShowReport/data?SHOWTYPE=JSON&CATALOGID=1110&TABKEY=tab1&PAGENO=97,securities_list,2026-10-04T17:23:53Z,01f6ca98ab20648051d1487a9c22bbf4e28f037eda09bd4eda1fc6f6d7f27170
CN,XSHE,300474,景嘉微,listed,2016-03-31,,,structured,https://www.szse.cn/api/report/ShowReport/data?SHOWTYPE=JSON&CATALOGID=1110&TABKEY=tab1&PAGENO=97,securities_list,2026-10-04T17:23:53Z,01f6ca98ab20648051d1487a9c22bbf4e28f037eda09bd4eda1fc6f6d7f27170
CN,XSHE,300488,恒锋工具,listed,2015-07-01,,,structured,https://www.szse.cn/api/report/ShowReport/data?SHOWTYPE=JSON&CATALOGID=1110&TABKEY=tab1&PAGENO=98,securities_list,2026-10-04T17:23:55Z,0c408912812be5216cbf23bc779fdaa9137890eaaf0c8e2a66bcffea19597bc9
CN,XSHE,300499,高澜股份,listed,2016-02-02,,,structured,https://www.szse.cn/api/report/ShowReport/data?SHOWTYPE=JSON&CATALOGID=1110&TABKEY=tab1&PAGENO=98,securities_list,2026-10-04T17:23:55Z,0c408912812be5216cbf23bc779fdaa9137890eaaf0c8e2a66bcffea19597bc9
CN,XSHE,300502,新易盛,listed,2016-03-03,,,structured,https://www.szse.cn/api/report/ShowReport/data?SHOWTYPE=JSON&CATALOGID=1110&TABKEY=tab1&PAGENO=98,securities_list,2026-10-04T17:23:55Z,0c408912812be5216cbf23bc779fdaa9137890eaaf0c8e2a66bcffea19597bc9
CN,XSHE,300511,雪榕生物,listed,2016-05-04,,,structured,https://www.szse.cn/api/report/ShowReport/data?SHOWTYPE=JSON&CATALOGID=1110&TABKEY=tab1&PAGENO=99,securities_list,2026-10-04T17:23:57Z,6ae1c5e83040e9d9f22020cde938a0bba1a31b61602e2eef0744f67ca8ed72f3
CN,XSHE,300515,三德科技,listed,2016-06-08,,,structured,https://www.szse.cn/api/report/ShowReport/data?SHOWTYPE=JSON&CATALOGID=1110&TABKEY=tab1&PAGENO=99,securities_list,2026-10-04T17:23:57Z,6ae1c5e83040e9d9f22020cde938a0bba1a31b61602e2eef0744f67ca8ed72f3
CN,XSHE,300567,精测电子,listed,2016-11-22,,,structured,https://www.szse.cn/api/report/ShowReport/data?SHOWTYPE=JSON&CATALOGID=1110&TABKEY=tab1&PAGENO=101,securities_list,2026-10-04T17:24:06Z,23ed78ef4e98ca45163247689e2c5aa8d5e4382cdc8df5e0b403915ba47185b3
CN,XSHE,300570,太辰光,listed,2016-12-06,,,structured,https://www.szse.cn/api/report/ShowReport/data?SHOWTYPE=JSON&CATALOGID=1110&TABKEY=tab1&PAGENO=102,securities_list,2026-10-04T17:24:08Z,83aa07bdbbc0861577816eff2d9dfa50c09c3502713fd8256b0d57f5f65589f6
CN,XSHE,300577,开润股份,listed,2016-12-21,,,structured,https://www.szse.cn/api/report/ShowReport/data?SHOWTYPE=JSON&CATALOGID=1110&TABKEY=tab1&PAGENO=102,securities_list,2026-10-04T17:24:08Z,83aa07bdbbc0861577816eff2d9dfa50c09c3502713fd8256b0d57f5f65589f6
CN,XSHE,300607,拓斯达,listed,2017-02-09,,,structured,https://www.szse.cn/api/report/ShowReport/data?SHOWTYPE=JSON&CATALOGID=1110&TABKEY=tab1&PAGENO=103,securities_list,2026-10-04T17:24:11Z,01313e1b8404e3105d29f0c7aefd567813c15ddbc8345657a288b732923c93af
CN,XSHE,300616,尚品宅配,listed,2017-03-07,,,structured,https://www.szse.cn/api/report/ShowReport/data?SHOWTYPE=JSON&CATALOGID=1110&TABKEY=tab1&PAGENO=104,securities_list,2026-10-04T17:24:13Z,1b8a9fcad28b6555defe637ab76f7a07bd10196cb6dc7fb2bdb62e5e2f4e6217
CN,XSHE,300631,久吾高科,listed,2017-03-23,,,structured,https://www.szse.cn/api/report/ShowReport/data?SHOWTYPE=JSON&CATALOGID=1110&TABKEY=tab1&PAGENO=105,securities_list,2026-10-04T17:24:16Z,361eed0b124e3483943f7e37df4a4338886e5341702dde079d64aad9515b5764
CN,XSHE,300666,江丰电子,listed,2017-06-15,,,structured,https://www.szse.cn/api/report/ShowReport/data?SHOWTYPE=JSON&CATALOGID=1110&TABKEY=tab1&PAGENO=106,securities_list,2026-10-04T17:24:19Z,f25ffe807160c873386ecd6bc8439d7e5508a3efa37e2528b5096f011300951a
CN,XSHE,300750,宁德时代,listed,2018-06-11,,,structured,https://www.szse.cn/api/report/ShowReport/data?SHOWTYPE=JSON&CATALOGID=1110&TABKEY=tab1&PAGENO=110,securities_list,2026-10-04T17:24:30Z,6618dd849688ceeb5aaf6fdddef55b5321720a0d8cba22e6987b3d5dfe6c82f6
CN,XSHE,300760,迈瑞医疗,listed,2018-10-16,,,structured,https://www.szse.cn/api/report/ShowReport/data?SHOWTYPE=JSON&CATALOGID=1110&TABKEY=tab1&PAGENO=111,securities_list,2026-10-04T17:24:32Z,a11baf68c20adb66ef03dec24007dd9c67a21bb2ebbd6dc8e0acfa2af7168160
CN,XSHE,300775,三角防务,listed,2019-05-21,,,structured,https://www.szse.cn/api/report/ShowReport/data?SHOWTYPE=JSON&CATALOGID=1110&TABKEY=tab1&PAGENO=111,securities_list,2026-10-04T17:24:32Z,a11baf68c20adb66ef03dec24007dd9c67a21bb2ebbd6dc8e0acfa2af7168160
CN,XSHE,300782,卓胜微,listed,2019-06-18,,,structured,https://www.szse.cn/api/report/ShowReport/data?SHOWTYPE=JSON&CATALOGID=1110&TABKEY=tab1&PAGENO=112,securities_list,2026-10-04T17:24:34Z,a4c5fdb73c82bc403e87fb740b2fb009a34688e36930e8db88c95bfffd9f8510
CN,XSHE,300783,三只松鼠,listed,2019-07-12,,,structured,https://www.szse.cn/api/report/ShowReport/data?SHOWTYPE=JSON&CATALOGID=1110&TABKEY=tab1&PAGENO=112,securities_list,2026-10-04T17:24:34Z,a4c5fdb73c82bc403e87fb740b2fb009a34688e36930e8db88c95bfffd9f8510
CN,XSHE,300815,玉禾田,listed,2020-01-23,,,structured,https://www.szse.cn/api/report/ShowReport/data?SHOWTYPE=JSON&CATALOGID=1110&TABKEY=tab1&PAGENO=113,securities_list,2026-10-04T17:24:38Z,fc67f834c5e130cfc8888f2b87948bb69b22c79612e7bd419ac3284864d32c39
CN,XSHE,300832,新产业,listed,2020-05-12,,,structured,https://www.szse.cn/api/report/ShowReport/data?SHOWTYPE=JSON&CATALOGID=1110&TABKEY=tab1&PAGENO=114,securities_list,2026-10-04T17:24:40Z,b2e8fc65b4935bace759c1533b2d3d139d2efd67ee659c8ba8575b1374390bbc
CN,XSHE,300935,盈建科,listed,2021-01-20,,,structured,https://www.szse.cn/api/report/ShowReport/data?SHOWTYPE=JSON&CATALOGID=1110&TABKEY=tab1&PAGENO=119,securities_list,2026-10-04T17:24:52Z,a21c64c79d5e82dad6a19abb21bcee879172aa0a2d28b7a6b359d32e2b3c689c
CN,XSHE,300957,贝泰妮,listed,2021-03-25,,,structured,https://www.szse.cn/api/report/ShowReport/data?SHOWTYPE=JSON&CATALOGID=1110&TABKEY=tab1&PAGENO=120,securities_list,2026-10-04T17:24:54Z,3318f42ce2e438663f9cee95b1b0708ec5ee92d45597ce19a3424deebf925857
CN,XSHE,300979,华利集团,listed,2021-04-26,,,structured,https://www.szse.cn/api/report/ShowReport/data?SHOWTYPE=JSON&CATALOGID=1110&TABKEY=tab1&PAGENO=121,securities_list,2026-10-04T17:24:56Z,38214f8fd16611b147f8caa8d872fd0d46b12d08609801cae6467671171200d9
CN,XSHE,300980,祥源新材,listed,2021-04-21,,,structured,https://www.szse.cn/api/report/ShowReport/data?SHOWTYPE=JSON&CATALOGID=1110&TABKEY=tab1&PAGENO=121,securities_list,2026-10-04T17:24:56Z,38214f8fd16611b147f8caa8d872fd0d46b12d08609801cae6467671171200d9
CN,XSHE,301018,申菱环境,listed,2021-07-07,,,structured,https://www.szse.cn/api/report/ShowReport/data?SHOWTYPE=JSON&CATALOGID=1110&TABKEY=tab1&PAGENO=123,securities_list,2026-10-04T17:25:00Z,2fcf14f6628e073987332652e59ceb0ae4e6c9f7b93b61bce066df7dcf95b550
CN,XSHE,301269,华大九天,listed,2022-07-29,,,structured,https://www.szse.cn/api/report/ShowReport/data?SHOWTYPE=JSON&CATALOGID=1110&TABKEY=tab1&PAGENO=134,securities_list,2026-10-04T17:25:25Z,56e56bbeda15d51d808f33298ef6110b8038d4f2de7fc8041f74bb17d8279a5f
CN,XSHE,301611,珂玛科技,listed,2024-08-16,,,structured,https://www.szse.cn/api/report/ShowReport/data?SHOWTYPE=JSON&CATALOGID=1110&TABKEY=tab1&PAGENO=144,securities_list,2026-10-04T17:25:48Z,c918137708b8f3f4c2c77b0622bc98bee8322f11c067e4274079d37e29d185d3
CN,XSHG,600038,中直股份,listed,2000-12-18,,,structured,https://query.sse.com.cn/sseQuery/commonQuery.do?sqlId=COMMON_SSE_CP_GPJCTPZ_GPLB_GP_L&page.help.size=3000,securities_list,2026-10-04T17:20:09Z,24ba6dac6266f017688ab7130703921bd45b5769a1baf079bb9ded8d04223f59
CN,XSHG,600114,东睦股份,listed,2004-05-11,,,structured,https://query.sse.com.cn/sseQuery/commonQuery.do?sqlId=COMMON_SSE_CP_GPJCTPZ_GPLB_GP_L&page.help.size=3000,securities_list,2026-10-04T17:20:09Z,24ba6dac6266f017688ab7130703921bd45b5769a1baf079bb9ded8d04223f59
CN,XSHG,600176,中国巨石,listed,1999-04-22,,,structured,https://query.sse.com.cn/sseQuery/commonQuery.do?sqlId=COMMON_SSE_CP_GPJCTPZ_GPLB_GP_L&page.help.size=3000,securities_list,2026-10-04T17:20:09Z,24ba6dac6266f017688ab7130703921bd45b5769a1baf079bb9ded8d04223f59
CN,XSHG,600309,万华化学,listed,2001-01-05,,,structured,https://query.sse.com.cn/sseQuery/commonQuery.do?sqlId=COMMON_SSE_CP_GPJCTPZ_GPLB_GP_L&page.help.size=3000,securities_list,2026-10-04T17:20:09Z,24ba6dac6266f017688ab7130703921bd45b5769a1baf079bb9ded8d04223f59
CN,XSHG,600372,中航机载,listed,2001-07-06,,,structured,https://query.sse.com.cn/sseQuery/commonQuery.do?sqlId=COMMON_SSE_CP_GPJCTPZ_GPLB_GP_L&page.help.size=3000,securities_list,2026-10-04T17:20:09Z,24ba6dac6266f017688ab7130703921bd45b5769a1baf079bb9ded8d04223f59
CN,XSHG,600391,航发科技,listed,2001-12-12,,,structured,https://query.sse.com.cn/sseQuery/commonQuery.do?sqlId=COMMON_SSE_CP_GPJCTPZ_GPLB_GP_L&page.help.size=3000,securities_list,2026-10-04T17:20:09Z,24ba6dac6266f017688ab7130703921bd45b5769a1baf079bb9ded8d04223f59
CN,XSHG,600398,海澜之家,listed,2000-12-28,,,structured,https://query.sse.com.cn/sseQuery/commonQuery.do?sqlId=COMMON_SSE_CP_GPJCTPZ_GPLB_GP_L&page.help.size=3000,securities_list,2026-10-04T17:20:09Z,24ba6dac6266f017688ab7130703921bd45b5769a1baf079bb9ded8d04223f59
CN,XSHG,600458,时代新材,listed,2002-12-19,,,structured,https://query.sse.com.cn/sseQuery/commonQuery.do?sqlId=COMMON_SSE_CP_GPJCTPZ_GPLB_GP_L&page.help.size=3000,securities_list,2026-10-04T17:20:09Z,24ba6dac6266f017688ab7130703921bd45b5769a1baf079bb9ded8d04223f59
CN,XSHG,600507,方大特钢,listed,2003-09-30,,,structured,https://query.sse.com.cn/sseQuery/commonQuery.do?sqlId=COMMON_SSE_CP_GPJCTPZ_GPLB_GP_L&page.help.size=3000,securities_list,2026-10-04T17:20:09Z,24ba6dac6266f017688ab7130703921bd45b5769a1baf079bb9ded8d04223f59
CN,XSHG,600519,贵州茅台,listed,2001-08-27,,,structured,https://query.sse.com.cn/sseQuery/commonQuery.do?sqlId=COMMON_SSE_CP_GPJCTPZ_GPLB_GP_L&page.help.size=3000,securities_list,2026-10-04T17:20:09Z,24ba6dac6266f017688ab7130703921bd45b5769a1baf079bb9ded8d04223f59
CN,XSHG,600584,长电科技,listed,2003-06-03,,,structured,https://query.sse.com.cn/sseQuery/commonQuery.do?sqlId=COMMON_SSE_CP_GPJCTPZ_GPLB_GP_L&page.help.size=3000,securities_list,2026-10-04T17:20:09Z,24ba6dac6266f017688ab7130703921bd45b5769a1baf079bb9ded8d04223f59
CN,XSHG,600597,光明乳业,listed,2002-08-28,,,structured,https://query.sse.com.cn/sseQuery/commonQuery.do?sqlId=COMMON_SSE_CP_GPJCTPZ_GPLB_GP_L&page.help.size=3000,securities_list,2026-10-04T17:20:09Z,24ba6dac6266f017688ab7130703921bd45b5769a1baf079bb9ded8d04223f59
CN,XSHG,600612,老凤祥,listed,1992-08-14,,,structured,https://query.sse.com.cn/sseQuery/commonQuery.do?sqlId=COMMON_SSE_CP_GPJCTPZ_GPLB_GP_L&page.help.size=3000,securities_list,2026-10-04T17:20:09Z,24ba6dac6266f017688ab7130703921bd45b5769a1baf079bb9ded8d04223f59
CN,XSHG,600663,陆家Ｂ股,listed,1994-11-22,,,structured,https://query.sse.com.cn/sseQuery/commonQuery.do?sqlId=COMMON_SSE_CP_GPJCTPZ_GPLB_GP_L&page.help.size=3000,securities_list,2026-10-04T17:20:09Z,24ba6dac6266f017688ab7130703921bd45b5769a1baf079bb9ded8d04223f59
CN,XSHG,600754,锦江酒店,listed,1996-10-11,,,structured,https://query.sse.com.cn/sseQuery/commonQuery.do?sqlId=COMMON_SSE_CP_GPJCTPZ_GPLB_GP_L&page.help.size=3000,securities_list,2026-10-04T17:20:09Z,24ba6dac6266f017688ab7130703921bd45b5769a1baf079bb9ded8d04223f59
CN,XSHG,600760,中航沈飞,listed,1996-10-11,,,structured,https://query.sse.com.cn/sseQuery/commonQuery.do?sqlId=COMMON_SSE_CP_GPJCTPZ_GPLB_GP_L&page.help.size=3000,securities_list,2026-10-04T17:20:09Z,24ba6dac6266f017688ab7130703921bd45b5769a1baf079bb9ded8d04223f59
CN,XSHG,600765,中航重机,listed,1996-11-06,,,structured,https://query.sse.com.cn/sseQuery/commonQuery.do?sqlId=COMMON_SSE_CP_GPJCTPZ_GPLB_GP_L&page.help.size=3000,securities_list,2026-10-04T17:20:09Z,24ba6dac6266f017688ab7130703921bd45b5769a1baf079bb9ded8d04223f59
CN,XSHG,600882,妙可蓝多,listed,1995-12-06,,,structured,https://query.sse.com.cn/sseQuery/commonQuery.do?sqlId=COMMON_SSE_CP_GPJCTPZ_GPLB_GP_L&page.help.size=3000,securities_list,2026-10-04T17:20:09Z,24ba6dac6266f017688ab7130703921bd45b5769a1baf079bb9ded8d04223f59
CN,XSHG,600887,伊利股份,listed,1996-03-12,,,structured,https://query.sse.com.cn/sseQuery/commonQuery.do?sqlId=COMMON_SSE_CP_GPJCTPZ_GPLB_GP_L&page.help.size=3000,securities_list,2026-10-04T17:20:09Z,24ba6dac6266f017688ab7130703921bd45b5769a1baf079bb9ded8d04223f59
CN,XSHG,600893,航发动力,listed,1996-04-08,,,structured,https://query.sse.com.cn/sseQuery/commonQuery.do?sqlId=COMMON_SSE_CP_GPJCTPZ_GPLB_GP_L&page.help.size=3000,securities_list,2026-10-04T17:20:09Z,24ba6dac6266f017688ab7130703921bd45b5769a1baf079bb9ded8d04223f59
CN,XSHG,601021,春秋航空,listed,2015-01-21,,,structured,https://query.sse.com.cn/sseQuery/commonQuery.do?sqlId=COMMON_SSE_CP_GPJCTPZ_GPLB_GP_L&page.help.size=3000,securities_list,2026-10-04T17:20:09Z,24ba6dac6266f017688ab7130703921bd45b5769a1baf079bb9ded8d04223f59
CN,XSHG,601058,赛轮轮胎,listed,2011-06-30,,,structured,https://query.sse.com.cn/sseQuery/commonQuery.do?sqlId=COMMON_SSE_CP_GPJCTPZ_GPLB_GP_L&page.help.size=3000,securities_list,2026-10-04T17:20:09Z,24ba6dac6266f017688ab7130703921bd45b5769a1baf079bb9ded8d04223f59
CN,XSHG,601066,中信建投,listed,2018-06-20,,,structured,https://query.sse.com.cn/sseQuery/commonQuery.do?sqlId=COMMON_SSE_CP_GPJCTPZ_GPLB_GP_L&page.help.size=3000,securities_list,2026-10-04T17:20:09Z,24ba6dac6266f017688ab7130703921bd45b5769a1baf079bb9ded8d04223f59
CN,XSHG,601137,博威合金,listed,2011-01-27,,,structured,https://query.sse.com.cn/sseQuery/commonQuery.do?sqlId=COMMON_SSE_CP_GPJCTPZ_GPLB_GP_L&page.help.size=3000,securities_list,2026-10-04T17:20:09Z,24ba6dac6266f017688ab7130703921bd45b5769a1baf079bb9ded8d04223f59
CN,XSHG,601138,工业富联,listed,2018-06-08,,,structured,https://query.sse.com.cn/sseQuery/commonQuery.do?sqlId=COMMON_SSE_CP_GPJCTPZ_GPLB_GP_L&page.help.size=3000,securities_list,2026-10-04T17:20:09Z,24ba6dac6266f017688ab7130703921bd45b5769a1baf079bb9ded8d04223f59
CN,XSHG,601318,中国平安,listed,2007-03-01,,,structured,https://query.sse.com.cn/sseQuery/commonQuery.do?sqlId=COMMON_SSE_CP_GPJCTPZ_GPLB_GP_L&page.help.size=3000,securities_list,2026-10-04T17:20:09Z,24ba6dac6266f017688ab7130703921bd45b5769a1baf079bb9ded8d04223f59
CN,XSHG,601336,新华保险,listed,2011-12-16,,,structured,https://query.sse.com.cn/sseQuery/commonQuery.do?sqlId=COMMON_SSE_CP_GPJCTPZ_GPLB_GP_L&page.help.size=3000,securities_list,2026-10-04T17:20:09Z,24ba6dac6266f017688ab7130703921bd45b5769a1baf079bb9ded8d04223f59
CN,XSHG,601828,美凯龙,listed,2018-01-17,,,structured,https://query.sse.com.cn/sseQuery/commonQuery.do?sqlId=COMMON_SSE_CP_GPJCTPZ_GPLB_GP_L&page.help.size=3000,securities_list,2026-10-04T17:20:09Z,24ba6dac6266f017688ab7130703921bd45b5769a1baf079bb9ded8d04223f59
CN,XSHG,601966,玲珑轮胎,listed,2016-07-06,,,structured,https://query.sse.com.cn/sseQuery/commonQuery.do?sqlId=COMMON_SSE_CP_GPJCTPZ_GPLB_GP_L&page.help.size=3000,securities_list,2026-10-04T17:20:09Z,24ba6dac6266f017688ab7130703921bd45b5769a1baf079bb9ded8d04223f59
CN,XSHG,603019,中科曙光,listed,2014-11-06,,,structured,https://query.sse.com.cn/sseQuery/commonQuery.do?sqlId=COMMON_SSE_CP_GPJCTPZ_GPLB_GP_L&page.help.size=3000,securities_list,2026-10-04T17:20:09Z,24ba6dac6266f017688ab7130703921bd45b5769a1baf079bb9ded8d04223f59
CN,XSHG,603043,广州酒家,listed,2017-06-27,,,structured,https://query.sse.com.cn/sseQuery/commonQuery.do?sqlId=COMMON_SSE_CP_GPJCTPZ_GPLB_GP_L&page.help.size=3000,securities_list,2026-10-04T17:20:09Z,24ba6dac6266f017688ab7130703921bd45b5769a1baf079bb9ded8d04223f59
CN,XSHG,603060,国检集团,listed,2016-11-09,,,structured,https://query.sse.com.cn/sseQuery/commonQuery.do?sqlId=COMMON_SSE_CP_GPJCTPZ_GPLB_GP_L&page.help.size=3000,securities_list,2026-10-04T17:20:09Z,24ba6dac6266f017688ab7130703921bd45b5769a1baf079bb9ded8d04223f59
CN,XSHG,603156,养元饮品,listed,2018-02-12,,,structured,https://query.sse.com.cn/sseQuery/commonQuery.do?sqlId=COMMON_SSE_CP_GPJCTPZ_GPLB_GP_L&page.help.size=3000,securities_list,2026-10-04T17:20:09Z,24ba6dac6266f017688ab7130703921bd45b5769a1baf079bb9ded8d04223f59
CN,XSHG,603203,快克智能,listed,2016-11-08,,,structured,https://query.sse.com.cn/sseQuery/commonQuery.do?sqlId=COMMON_SSE_CP_GPJCTPZ_GPLB_GP_L&page.help.size=3000,securities_list,2026-10-04T17:20:09Z,24ba6dac6266f017688ab7130703921bd45b5769a1baf079bb9ded8d04223f59
CN,XSHG,603214,爱婴室,listed,2018-03-30,,,structured,https://query.sse.com.cn/sseQuery/commonQuery.do?sqlId=COMMON_SSE_CP_GPJCTPZ_GPLB_GP_L&page.help.size=3000,securities_list,2026-10-04T17:20:09Z,24ba6dac6266f017688ab7130703921bd45b5769a1baf079bb9ded8d04223f59
CN,XSHG,603235,天新药业,listed,2022-07-12,,,structured,https://query.sse.com.cn/sseQuery/commonQuery.do?sqlId=COMMON_SSE_CP_GPJCTPZ_GPLB_GP_L&page.help.size=3000,securities_list,2026-10-04T17:20:09Z,24ba6dac6266f017688ab7130703921bd45b5769a1baf079bb9ded8d04223f59
CN,XSHG,603237,五芳斋,listed,2022-08-31,,,structured,https://query.sse.com.cn/sseQuery/commonQuery.do?sqlId=COMMON_SSE_CP_GPJCTPZ_GPLB_GP_L&page.help.size=3000,securities_list,2026-10-04T17:20:09Z,24ba6dac6266f017688ab7130703921bd45b5769a1baf079bb9ded8d04223f59
CN,XSHG,603259,药明康德,listed,2018-05-08,,,structured,https://query.sse.com.cn/sseQuery/commonQuery.do?sqlId=COMMON_SSE_CP_GPJCTPZ_GPLB_GP_L&page.help.size=3000,securities_list,2026-10-04T17:20:09Z,24ba6dac6266f017688ab7130703921bd45b5769a1baf079bb9ded8d04223f59
CN,XSHG,603300,海南华铁,listed,2015-05-29,,,structured,https://query.sse.com.cn/sseQuery/commonQuery.do?sqlId=COMMON_SSE_CP_GPJCTPZ_GPLB_GP_L&page.help.size=3000,securities_list,2026-10-04T17:20:09Z,24ba6dac6266f017688ab7130703921bd45b5769a1baf079bb9ded8d04223f59
CN,XSHG,603313,梦百合,listed,2016-10-13,,,structured,https://query.sse.com.cn/sseQuery/commonQuery.do?sqlId=COMMON_SSE_CP_GPJCTPZ_GPLB_GP_L&page.help.size=3000,securities_list,2026-10-04T17:20:09Z,24ba6dac6266f017688ab7130703921bd45b5769a1baf079bb9ded8d04223f59
CN,XSHG,603357,设计总院,listed,2017-08-01,,,structured,https://query.sse.com.cn/sseQuery/commonQuery.do?sqlId=COMMON_SSE_CP_GPJCTPZ_GPLB_GP_L&page.help.size=3000,securities_list,2026-10-04T17:20:09Z,24ba6dac6266f017688ab7130703921bd45b5769a1baf079bb9ded8d04223f59
CN,XSHG,603359,*ST东珠,listed,2017-09-01,,,structured,https://query.sse.com.cn/sseQuery/commonQuery.do?sqlId=COMMON_SSE_CP_GPJCTPZ_GPLB_GP_L&page.help.size=3000,securities_list,2026-10-04T17:20:09Z,24ba6dac6266f017688ab7130703921bd45b5769a1baf079bb9ded8d04223f59
CN,XSHG,603360,百傲化学,listed,2017-02-06,,,structured,https://query.sse.com.cn/sseQuery/commonQuery.do?sqlId=COMMON_SSE_CP_GPJCTPZ_GPLB_GP_L&page.help.size=3000,securities_list,2026-10-04T17:20:09Z,24ba6dac6266f017688ab7130703921bd45b5769a1baf079bb9ded8d04223f59
CN,XSHG,603444,吉比特,listed,2017-01-04,,,structured,https://query.sse.com.cn/sseQuery/commonQuery.do?sqlId=COMMON_SSE_CP_GPJCTPZ_GPLB_GP_L&page.help.size=3000,securities_list,2026-10-04T17:20:09Z,24ba6dac6266f017688ab7130703921bd45b5769a1baf079bb9ded8d04223f59
CN,XSHG,603489,八方股份,listed,2019-11-11,,,structured,https://query.sse.com.cn/sseQuery/commonQuery.do?sqlId=COMMON_SSE_CP_GPJCTPZ_GPLB_GP_L&page.help.size=3000,securities_list,2026-10-04T17:20:09Z,24ba6dac6266f017688ab7130703921bd45b5769a1baf079bb9ded8d04223f59
CN,XSHG,603517,ST绝味,listed,2017-03-17,,,structured,https://query.sse.com.cn/sseQuery/commonQuery.do?sqlId=COMMON_SSE_CP_GPJCTPZ_GPLB_GP_L&page.help.size=3000,securities_list,2026-10-04T17:20:09Z,24ba6dac6266f017688ab7130703921bd45b5769a1baf079bb9ded8d04223f59
CN,XSHG,603587,地素时尚,listed,2018-06-22,,,structured,https://query.sse.com.cn/sseQuery/commonQuery.do?sqlId=COMMON_SSE_CP_GPJCTPZ_GPLB_GP_L&page.help.size=3000,securities_list,2026-10-04T17:20:09Z,24ba6dac6266f017688ab7130703921bd45b5769a1baf079bb9ded8d04223f59
CN,XSHG,603605,珀莱雅,listed,2017-11-15,,,structured,https://query.sse.com.cn/sseQuery/commonQuery.do?sqlId=COMMON_SSE_CP_GPJCTPZ_GPLB_GP_L&page.help.size=3000,securities_list,2026-10-04T17:20:09Z,24ba6dac6266f017688ab7130703921bd45b5769a1baf079bb9ded8d04223f59
CN,XSHG,603606,东方电缆,listed,2014-10-15,,,structured,https://query.sse.com.cn/sseQuery/commonQuery.do?sqlId=COMMON_SSE_CP_GPJCTPZ_GPLB_GP_L&page.help.size=3000,securities_list,2026-10-04T17:20:09Z,24ba6dac6266f017688ab7130703921bd45b5769a1baf079bb9ded8d04223f59
CN,XSHG,603678,火炬电子,listed,2015-01-26,,,structured,https://query.sse.com.cn/sseQuery/commonQuery.do?sqlId=COMMON_SSE_CP_GPJCTPZ_GPLB_GP_L&page.help.size=3000,securities_list,2026-10-04T17:20:09Z,24ba6dac6266f017688ab7130703921bd45b5769a1baf079bb9ded8d04223f59
CN,XSHG,603688,石英股份,listed,2014-10-31,,,structured,https://query.sse.com.cn/sseQuery/commonQuery.do?sqlId=COMMON_SSE_CP_GPJCTPZ_GPLB_GP_L&page.help.size=3000,securities_list,2026-10-04T17:20:09Z,24ba6dac6266f017688ab7130703921bd45b5769a1baf079bb9ded8d04223f59
CN,XSHG,603690,至纯科技,listed,2017-01-13,,,structured,https://query.sse.com.cn/sseQuery/commonQuery.do?sqlId=COMMON_SSE_CP_GPJCTPZ_GPLB_GP_L&page.help.size=3000,securities_list,2026-10-04T17:20:09Z,24ba6dac6266f017688ab7130703921bd45b5769a1baf079bb9ded8d04223f59
CN,XSHG,603712,七一二,listed,2018-02-26,,,structured,https://query.sse.com.cn/sseQuery/commonQuery.do?sqlId=COMMON_SSE_CP_GPJCTPZ_GPLB_GP_L&page.help.size=3000,securities_list,2026-10-04T17:20:09Z,24ba6dac6266f017688ab7130703921bd45b5769a1baf079bb9ded8d04223f59
CN,XSHG,603713,密尔克卫,listed,2018-07-13,,,structured,https://query.sse.com.cn/sseQuery/commonQuery.do?sqlId=COMMON_SSE_CP_GPJCTPZ_GPLB_GP_L&page.help.size=3000,securities_list,2026-10-04T17:20:09Z,24ba6dac6266f017688ab7130703921bd45b5769a1baf079bb9ded8d04223f59
CN,XSHG,603806,福斯特,listed,2014-09-05,,,structured,https://query.sse.com.cn/sseQuery/commonQuery.do?sqlId=COMMON_SSE_CP_GPJCTPZ_GPLB_GP_L&page.help.size=3000,securities_list,2026-10-04T17:20:09Z,24ba6dac6266f017688ab7130703921bd45b5769a1baf079bb9ded8d04223f59
CN,XSHG,603808,歌力思,listed,2015-04-22,,,structured,https://query.sse.com.cn/sseQuery/commonQuery.do?sqlId=COMMON_SSE_CP_GPJCTPZ_GPLB_GP_L&page.help.size=3000,securities_list,2026-10-04T17:20:09Z,24ba6dac6266f017688ab7130703921bd45b5769a1baf079bb9ded8d04223f59
CN,XSHG,603826,坤彩科技,listed,2017-04-14,,,structured,https://query.sse.com.cn/sseQuery/commonQuery.do?sqlId=COMMON_SSE_CP_GPJCTPZ_GPLB_GP_L&page.help.size=3000,securities_list,2026-10-04T17:20:09Z,24ba6dac6266f017688ab7130703921bd45b5769a1baf079bb9ded8d04223f59
CN,XSHG,603833,欧派家居,listed,2017-03-28,,,structured,https://query.sse.com.cn/sseQuery/commonQuery.do?sqlId=COMMON_SSE_CP_GPJCTPZ_GPLB_GP_L&page.help.size=3000,securities_list,2026-10-04T17:20:09Z,24ba6dac6266f017688ab7130703921bd45b5769a1baf079bb9ded8d04223f59
CN,XSHG,603866,桃李面包,listed,2015-12-22,,,structured,https://query.sse.com.cn/sseQuery/commonQuery.do?sqlId=COMMON_SSE_CP_GPJCTPZ_GPLB_GP_L&page.help.size=3000,securities_list,2026-10-04T17:20:09Z,24ba6dac6266f017688ab7130703921bd45b5769a1baf079bb9ded8d04223f59
CN,XSHG,603886,元祖股份,listed,2016-12-28,,,structured,https://query.sse.com.cn/sseQuery/commonQuery.do?sqlId=COMMON_SSE_CP_GPJCTPZ_GPLB_GP_L&page.help.size=3000,securities_list,2026-10-04T17:20:09Z,24ba6dac6266f017688ab7130703921bd45b5769a1baf079bb9ded8d04223f59
CN,XSHG,603916,苏博特,listed,2017-11-10,,,structured,https://query.sse.com.cn/sseQuery/commonQuery.do?sqlId=COMMON_SSE_CP_GPJCTPZ_GPLB_GP_L&page.help.size=3000,securities_list,2026-10-04T17:20:09Z,24ba6dac6266f017688ab7130703921bd45b5769a1baf079bb9ded8d04223f59
CN,XSHG,603983,丸美生物,listed,2019-07-25,,,structured,https://query.sse.com.cn/sseQuery/commonQuery.do?sqlId=COMMON_SSE_CP_GPJCTPZ_GPLB_GP_L&page.help.size=3000,securities_list,2026-10-04T17:20:09Z,24ba6dac6266f017688ab7130703921bd45b5769a1baf079bb9ded8d04223f59
CN,XSHG,603986,兆易创新,listed,2016-08-18,,,structured,https://query.sse.com.cn/sseQuery/commonQuery.do?sqlId=COMMON_SSE_CP_GPJCTPZ_GPLB_GP_L&page.help.size=3000,securities_list,2026-10-04T17:20:09Z,24ba6dac6266f017688ab7130703921bd45b5769a1baf079bb9ded8d04223f59
CN,XSHG,605099,共创草坪,listed,2020-09-30,,,structured,https://query.sse.com.cn/sseQuery/commonQuery.do?sqlId=COMMON_SSE_CP_GPJCTPZ_GPLB_GP_L&page.help.size=3000,securities_list,2026-10-04T17:20:09Z,24ba6dac6266f017688ab7130703921bd45b5769a1baf079bb9ded8d04223f59
CN,XSHG,605123,派克新材,listed,2020-08-25,,,structured,https://query.sse.com.cn/sseQuery/commonQuery.do?sqlId=COMMON_SSE_CP_GPJCTPZ_GPLB_GP_L&page.help.size=3000,securities_list,2026-10-04T17:20:09Z,24ba6dac6266f017688ab7130703921bd45b5769a1baf079bb9ded8d04223f59
CN,XSHG,688012,中微公司,listed,2019-07-22,,,structured,https://query.sse.com.cn/sseQuery/commonQuery.do?sqlId=COMMON_SSE_CP_GPJCTPZ_GPLB_GP_L&page.help.size=3000,securities_list,2026-10-04T17:20:09Z,24ba6dac6266f017688ab7130703921bd45b5769a1baf079bb9ded8d04223f59
CN,XSHG,688019,安集科技,listed,2019-07-22,,,structured,https://query.sse.com.cn/sseQuery/commonQuery.do?sqlId=COMMON_SSE_CP_GPJCTPZ_GPLB_GP_L&page.help.size=3000,securities_list,2026-10-04T17:20:09Z,24ba6dac6266f017688ab7130703921bd45b5769a1baf079bb9ded8d04223f59
CN,XSHG,688020,方邦股份,listed,2019-07-22,,,structured,https://query.sse.com.cn/sseQuery/commonQuery.do?sqlId=COMMON_SSE_CP_GPJCTPZ_GPLB_GP_L&page.help.size=3000,securities_list,2026-10-04T17:20:09Z,24ba6dac6266f017688ab7130703921bd45b5769a1baf079bb9ded8d04223f59
CN,XSHG,688028,沃尔德,listed,2019-07-22,,,structured,https://query.sse.com.cn/sseQuery/commonQuery.do?sqlId=COMMON_SSE_CP_GPJCTPZ_GPLB_GP_L&page.help.size=3000,securities_list,2026-10-04T17:20:09Z,24ba6dac6266f017688ab7130703921bd45b5769a1baf079bb9ded8d04223f59
CN,XSHG,688030,山石网科,listed,2019-09-30,,,structured,https://query.sse.com.cn/sseQuery/commonQuery.do?sqlId=COMMON_SSE_CP_GPJCTPZ_GPLB_GP_L&page.help.size=3000,securities_list,2026-10-04T17:20:09Z,24ba6dac6266f017688ab7130703921bd45b5769a1baf079bb9ded8d04223f59
CN,XSHG,688033,*ST天宜,listed,2019-07-22,,,structured,https://query.sse.com.cn/sseQuery/commonQuery.do?sqlId=COMMON_SSE_CP_GPJCTPZ_GPLB_GP_L&page.help.size=3000,securities_list,2026-10-04T17:20:09Z,24ba6dac6266f017688ab7130703921bd45b5769a1baf079bb9ded8d04223f59
CN,XSHG,688041,海光信息,listed,2022-08-12,,,structured,https://query.sse.com.cn/sseQuery/commonQuery.do?sqlId=COMMON_SSE_CP_GPJCTPZ_GPLB_GP_L&page.help.size=3000,securities_list,2026-10-04T17:20:09Z,24ba6dac6266f017688ab7130703921bd45b5769a1baf079bb9ded8d04223f59
CN,XSHG,688057,金达莱,listed,2020-11-11,,,structured,https://query.sse.com.cn/sseQuery/commonQuery.do?sqlId=COMMON_SSE_CP_GPJCTPZ_GPLB_GP_L&page.help.size=3000,securities_list,2026-10-04T17:20:09Z,24ba6dac6266f017688ab7130703921bd45b5769a1baf079bb9ded8d04223f59
CN,XSHG,688059,华锐精密,listed,2021-02-08,,,structured,https://query.sse.com.cn/sseQuery/commonQuery.do?sqlId=COMMON_SSE_CP_GPJCTPZ_GPLB_GP_L&page.help.size=3000,securities_list,2026-10-04T17:20:09Z,24ba6dac6266f017688ab7130703921bd45b5769a1baf079bb9ded8d04223f59
CN,XSHG,688065,凯赛生物,listed,2020-08-12,,,structured,https://query.sse.com.cn/sseQuery/commonQuery.do?sqlId=COMMON_SSE_CP_GPJCTPZ_GPLB_GP_L&page.help.size=3000,securities_list,2026-10-04T17:20:09Z,24ba6dac6266f017688ab7130703921bd45b5769a1baf079bb9ded8d04223f59
CN,XSHG,688069,德林海,listed,2020-07-22,,,structured,https://query.sse.com.cn/sseQuery/commonQuery.do?sqlId=COMMON_SSE_CP_GPJCTPZ_GPLB_GP_L&page.help.size=3000,securities_list,2026-10-04T17:20:09Z,24ba6dac6266f017688ab7130703921bd45b5769a1baf079bb9ded8d04223f59
CN,XSHG,688072,拓荆科技,listed,2022-04-20,,,structured,https://query.sse.com.cn/sseQuery/commonQuery.do?sqlId=COMMON_SSE_CP_GPJCTPZ_GPLB_GP_L&page.help.size=3000,securities_list,2026-10-04T17:20:09Z,24ba6dac6266f017688ab7130703921bd45b5769a1baf079bb9ded8d04223f59
CN,XSHG,688082,盛美上海,listed,2021-11-18,,,structured,https://query.sse.com.cn/sseQuery/commonQuery.do?sqlId=COMMON_SSE_CP_GPJCTPZ_GPLB_GP_L&page.help.size=3000,securities_list,2026-10-04T17:20:09Z,24ba6dac6266f017688ab7130703921bd45b5769a1baf079bb9ded8d04223f59
CN,XSHG,688083,中望软件,listed,2021-03-11,,,structured,https://query.sse.com.cn/sseQuery/commonQuery.do?sqlId=COMMON_SSE_CP_GPJCTPZ_GPLB_GP_L&page.help.size=3000,securities_list,2026-10-04T17:20:09Z,24ba6dac6266f017688ab7130703921bd45b5769a1baf079bb9ded8d04223f59
CN,XSHG,688088,虹软科技,listed,2019-07-22,,,structured,https://query.sse.com.cn/sseQuery/commonQuery.do?sqlId=COMMON_SSE_CP_GPJCTPZ_GPLB_GP_L&page.help.size=3000,securities_list,2026-10-04T17:20:09Z,24ba6dac6266f017688ab7130703921bd45b5769a1baf079bb9ded8d04223f59
CN,XSHG,688093,世华科技,listed,2020-09-30,,,structured,https://query.sse.com.cn/sseQuery/commonQuery.do?sqlId=COMMON_SSE_CP_GPJCTPZ_GPLB_GP_L&page.help.size=3000,securities_list,2026-10-04T17:20:09Z,24ba6dac6266f017688ab7130703921bd45b5769a1baf079bb9ded8d04223f59
CN,XSHG,688120,华海清科,listed,2022-06-08,,,structured,https://query.sse.com.cn/sseQuery/commonQuery.do?sqlId=COMMON_SSE_CP_GPJCTPZ_GPLB_GP_L&page.help.size=3000,securities_list,2026-10-04T17:20:09Z,24ba6dac6266f017688ab7130703921bd45b5769a1baf079bb9ded8d04223f59
CN,XSHG,688126,沪硅产业,listed,2020-04-20,,,structured,https://query.sse.com.cn/sseQuery/commonQuery.do?sqlId=COMMON_SSE_CP_GPJCTPZ_GPLB_GP_L&page.help.size=3000,securities_list,2026-10-04T17:20:09Z,24ba6dac6266f017688ab7130703921bd45b5769a1baf079bb9ded8d04223f59
CN,XSHG,688152,麒麟信安,listed,2022-10-28,,,structured,https://query.sse.com.cn/sseQuery/commonQuery.do?sqlId=COMMON_SSE_CP_GPJCTPZ_GPLB_GP_L&page.help.size=3000,securities_list,2026-10-04T17:20:09Z,24ba6dac6266f017688ab7130703921bd45b5769a1baf079bb9ded8d04223f59
CN,XSHG,688168,安博通,listed,2019-09-06,,,structured,https://query.sse.com.cn/sseQuery/commonQuery.do?sqlId=COMMON_SSE_CP_GPJCTPZ_GPLB_GP_L&page.help.size=3000,securities_list,2026-10-04T17:20:09Z,24ba6dac6266f017688ab7130703921bd45b5769a1baf079bb9ded8d04223f59
CN,XSHG,688179,阿拉丁,listed,2020-10-26,,,structured,https://query.sse.com.cn/sseQuery/commonQuery.do?sqlId=COMMON_SSE_CP_GPJCTPZ_GPLB_GP_L&page.help.size=3000,securities_list,2026-10-04T17:20:09Z,24ba6dac6266f017688ab7130703921bd45b5769a1baf079bb9ded8d04223f59
CN,XSHG,688187,时代电气,listed,2021-09-07,,,structured,https://query.sse.com.cn/sseQuery/commonQuery.do?sqlId=COMMON_SSE_CP_GPJCTPZ_GPLB_GP_L&page.help.size=3000,securities_list,2026-10-04T17:20:09Z,24ba6dac6266f017688ab7130703921bd45b5769a1baf079bb9ded8d04223f59
CN,XSHG,688206,概伦电子,listed,2021-12-28,,,structured,https://query.sse.com.cn/sseQuery/commonQuery.do?sqlId=COMMON_SSE_CP_GPJCTPZ_GPLB_GP_L&page.help.size=3000,securities_list,2026-10-04T17:20:09Z,24ba6dac6266f017688ab7130703921bd45b5769a1baf079bb9ded8d04223f59
CN,XSHG,688235,百济神州,listed,2021-12-15,,,structured,https://query.sse.com.cn/sseQuery/commonQuery.do?sqlId=COMMON_SSE_CP_GPJCTPZ_GPLB_GP_L&page.help.size=3000,securities_list,2026-10-04T17:20:09Z,24ba6dac6266f017688ab7130703921bd45b5769a1baf079bb9ded8d04223f59
CN,XSHG,688256,寒武纪,listed,2020-07-20,,,structured,https://query.sse.com.cn/sseQuery/commonQuery.do?sqlId=COMMON_SSE_CP_GPJCTPZ_GPLB_GP_L&page.help.size=3000,securities_list,2026-10-04T17:20:09Z,24ba6dac6266f017688ab7130703921bd45b5769a1baf079bb9ded8d04223f59
CN,XSHG,688268,华特气体,listed,2019-12-26,,,structured,https://query.sse.com.cn/sseQuery/commonQuery.do?sqlId=COMMON_SSE_CP_GPJCTPZ_GPLB_GP_L&page.help.size=3000,securities_list,2026-10-04T17:20:09Z,24ba6dac6266f017688ab7130703921bd45b5769a1baf079bb9ded8d04223f59
CN,XSHG,688271,联影医疗,listed,2022-08-22,,,structured,https://query.sse.com.cn/sseQuery/commonQuery.do?sqlId=COMMON_SSE_CP_GPJCTPZ_GPLB_GP_L&page.help.size=3000,securities_list,2026-10-04T17:20:09Z,24ba6dac6266f017688ab7130703921bd45b5769a1baf079bb9ded8d04223f59
CN,XSHG,688303,大全能源,listed,2021-07-22,,,structured,https://query.sse.com.cn/sseQuery/commonQuery.do?sqlId=COMMON_SSE_CP_GPJCTPZ_GPLB_GP_L&page.help.size=3000,securities_list,2026-10-04T17:20:09Z,24ba6dac6266f017688ab7130703921bd45b5769a1baf079bb9ded8d04223f59
CN,XSHG,688308,欧科亿,listed,2020-12-10,,,structured,https://query.sse.com.cn/sseQuery/commonQuery.do?sqlId=COMMON_SSE_CP_GPJCTPZ_GPLB_GP_L&page.help.size=3000,securities_list,2026-10-04T17:20:09Z,24ba6dac6266f017688ab7130703921bd45b5769a1baf079bb9ded8d04223f59
CN,XSHG,688314,康拓医疗,listed,2021-05-18,,,structured,https://query.sse.com.cn/sseQuery/commonQuery.do?sqlId=COMMON_SSE_CP_GPJCTPZ_GPLB_GP_L&page.help.size=3000,securities_list,2026-10-04T17:20:09Z,24ba6dac6266f017688ab7130703921bd45b5769a1baf079bb9ded8d04223f59
CN,XSHG,688339,亿华通,listed,2020-08-10,,,structured,https://query.sse.com.cn/sseQuery/commonQuery.do?sqlId=COMMON_SSE_CP_GPJCTPZ_GPLB_GP_L&page.help.size=3000,securities_list,2026-10-04T17:20:09Z,24ba6dac6266f017688ab7130703921bd45b5769a1baf079bb9ded8d04223f59
CN,XSHG,688347,华虹宏力,listed,2023-08-07,,,structured,https://query.sse.com.cn/sseQuery/commonQuery.do?sqlId=COMMON_SSE_CP_GPJCTPZ_GPLB_GP_L&page.help.size=3000,securities_list,2026-10-04T17:20:09Z,24ba6dac6266f017688ab7130703921bd45b5769a1baf079bb9ded8d04223f59
CN,XSHG,688362,甬矽电子,listed,2022-11-16,,,structured,https://query.sse.com.cn/sseQuery/commonQuery.do?sqlId=COMMON_SSE_CP_GPJCTPZ_GPLB_GP_L&page.help.size=3000,securities_list,2026-10-04T17:20:09Z,24ba6dac6266f017688ab7130703921bd45b5769a1baf079bb9ded8d04223f59
CN,XSHG,688378,奥来德,listed,2020-09-03,,,structured,https://query.sse.com.cn/sseQuery/commonQuery.do?sqlId=COMMON_SSE_CP_GPJCTPZ_GPLB_GP_L&page.help.size=3000,securities_list,2026-10-04T17:20:09Z,24ba6dac6266f017688ab7130703921bd45b5769a1baf079bb9ded8d04223f59
CN,XSHG,688389,普门科技,listed,2019-11-05,,,structured,https://query.sse.com.cn/sseQuery/commonQuery.do?sqlId=COMMON_SSE_CP_GPJCTPZ_GPLB_GP_L&page.help.size=3000,securities_list,2026-10-04T17:20:09Z,24ba6dac6266f017688ab7130703921bd45b5769a1baf079bb9ded8d04223f59
CN,XSHG,688555,退市泽达,listed,2020-06-23,2023-07-07,,structured,https://query.sse.com.cn/sseQuery/commonQuery.do?sqlId=COMMON_SSE_CP_GPJCTPZ_GPLB_GP_L&page.help.size=3000,securities_list,2026-10-04T17:20:09Z,24ba6dac6266f017688ab7130703921bd45b5769a1baf079bb9ded8d04223f59
CN,XSHG,688555,退市泽达,delisted,2023-07-07,,SSE listed-company list carries LIST_DATE and DELIST_DATE for this security,structured,https://query.sse.com.cn/sseQuery/commonQuery.do?sqlId=COMMON_SSE_CP_GPJCTPZ_GPLB_GP_L&page.help.size=3000,securities_list,2026-10-04T17:20:09Z,24ba6dac6266f017688ab7130703921bd45b5769a1baf079bb9ded8d04223f59
CN,XSHG,688581,安杰思,listed,2023-05-19,,,structured,https://query.sse.com.cn/sseQuery/commonQuery.do?sqlId=COMMON_SSE_CP_GPJCTPZ_GPLB_GP_L&page.help.size=3000,securities_list,2026-10-04T17:20:09Z,24ba6dac6266f017688ab7130703921bd45b5769a1baf079bb9ded8d04223f59
CN,XSHG,688617,惠泰医疗,listed,2021-01-07,,,structured,https://query.sse.com.cn/sseQuery/commonQuery.do?sqlId=COMMON_SSE_CP_GPJCTPZ_GPLB_GP_L&page.help.size=3000,securities_list,2026-10-04T17:20:09Z,24ba6dac6266f017688ab7130703921bd45b5769a1baf079bb9ded8d04223f59
CN,XSHG,688622,*ST禾信,listed,2021-09-13,,,structured,https://query.sse.com.cn/sseQuery/commonQuery.do?sqlId=COMMON_SSE_CP_GPJCTPZ_GPLB_GP_L&page.help.size=3000,securities_list,2026-10-04T17:20:09Z,24ba6dac6266f017688ab7130703921bd45b5769a1baf079bb9ded8d04223f59
CN,XSHG,688628,优利德,listed,2021-02-01,,,structured,https://query.sse.com.cn/sseQuery/commonQuery.do?sqlId=COMMON_SSE_CP_GPJCTPZ_GPLB_GP_L&page.help.size=3000,securities_list,2026-10-04T17:20:09Z,24ba6dac6266f017688ab7130703921bd45b5769a1baf079bb9ded8d04223f59
CN,XSHG,688686,奥普特,listed,2020-12-31,,,structured,https://query.sse.com.cn/sseQuery/commonQuery.do?sqlId=COMMON_SSE_CP_GPJCTPZ_GPLB_GP_L&page.help.size=3000,securities_list,2026-10-04T17:20:09Z,24ba6dac6266f017688ab7130703921bd45b5769a1baf079bb9ded8d04223f59
CN,XSHG,688787,海天瑞声,listed,2021-08-13,,,structured,https://query.sse.com.cn/sseQuery/commonQuery.do?sqlId=COMMON_SSE_CP_GPJCTPZ_GPLB_GP_L&page.help.size=3000,securities_list,2026-10-04T17:20:09Z,24ba6dac6266f017688ab7130703921bd45b5769a1baf079bb9ded8d04223f59
CN,XSHG,688788,科思科技,listed,2020-10-22,,,structured,https://query.sse.com.cn/sseQuery/commonQuery.do?sqlId=COMMON_SSE_CP_GPJCTPZ_GPLB_GP_L&page.help.size=3000,securities_list,2026-10-04T17:20:09Z,24ba6dac6266f017688ab7130703921bd45b5769a1baf079bb9ded8d04223f59
CN,XSHG,688981,中芯国际,listed,2020-07-16,,,structured,https://query.sse.com.cn/sseQuery/commonQuery.do?sqlId=COMMON_SSE_CP_GPJCTPZ_GPLB_GP_L&page.help.size=3000,securities_list,2026-10-04T17:20:09Z,24ba6dac6266f017688ab7130703921bd45b5769a1baf079bb9ded8d04223f59
US,XNYS,FIG,Figma,listed,2025-07-31,,SEC-filed 10-K (FY2025) states trading commenced on New York Stock Exchange on 2025-07-31,prose_in_official_doc,https://www.sec.gov/Archives/edgar/data/1579878/000162828026009228/fig-20251231.htm,announcement,2026-10-04T17:25:56Z,077ca77bf4db4a201951b8219e41fbdfda94d6c84d3337bb372799949ac3c4ce
US,XNAS,MDB,MongoDB,listed,2017-10-19,,SEC-filed 10-K (FY2018) states trading commenced on The Nasdaq Global Market on 2017-10-19,prose_in_official_doc,https://www.sec.gov/Archives/edgar/data/1441816/000144181618000028/mdb-013118x10k.htm,announcement,2026-10-04T17:25:57Z,95cf2ee9c9001ad7281759a800ba3d79ff3193d71f3fcf17342fcf0e1fc37357
US,XNAS,MSFT,Microsoft,listed,1986-03-13,,SEC-filed Form S-4 (2001) states trading commenced on Nasdaq Stock Market on 1986-03-13,prose_in_official_doc,https://www.sec.gov/Archives/edgar/data/789019/000103221001000126/0001032210-01-000126-0001.txt,announcement,2026-10-04T17:25:57Z,977436a25a0818fc1edc556fff26385d393bc81dd8b9a5eb8eb3bd56d1dd88e2
US,XNYS,SNOW,Snowflake,listed,2020-09-16,,SEC-filed 10-K (FY2021) states trading commenced on New York Stock Exchange on 2020-09-16,prose_in_official_doc,https://www.sec.gov/Archives/edgar/data/1640147/000164014721000073/snow-20210131.htm,announcement,2026-10-04T17:25:56Z,54cde2ceef9149431b263c954f91fadf38542edaad51f3ac3da8efde27ddd1c0
US,XNYS,TAL,TAL Education,listed,2010-10-20,,SEC-filed 20-F (FY2010) states trading commenced on New York Stock Exchange on 2010-10-20,prose_in_official_doc,https://www.sec.gov/Archives/edgar/data/1499620/000119312511196196/d20f.htm,announcement,2026-10-04T17:25:57Z,b972694aa9e7b1721e211bb5d809726bc4edfc4f3ab380889c3f3998f5eb3e14
