normalized_name,candidate_keys,market_hints,sources,disposition
七一二,CN:603712 | RAW:七一二,CN | unspecified,company-wiki\a_share_companies.txt | revenue-forecast\.review-zr407-20260818\company-wiki\a_share_companies.txt | StockInfoDLSimple\v2-clean-rewrite\a_share_companies.txt | company-wiki\companies_list.txt | revenue-forecast\.planning\2026-09-19-three-project-history-audit\execution_runs\I-14-F-R1\a20260922-01\iso\red-tree\companies_list.txt,possible duplicate; retained separately for identity review
万华化学,CN:600309 | RAW:万华化学,CN | unspecified,company-wiki\a_share_companies.txt | revenue-forecast\.review-zr407-20260818\company-wiki\a_share_companies.txt | StockInfoDLSimple\v2-clean-rewrite\a_share_companies.txt | company-wiki\companies_list.txt | revenue-forecast\.planning\2026-09-19-three-project-history-audit\execution_runs\I-14-F-R1\a20260922-01\iso\red-tree\companies_list.txt,possible duplicate; retained separately for identity review
万润股份,CN:002643 | RAW:万润股份,CN | unspecified,company-wiki\a_share_companies.txt | revenue-forecast\.review-zr407-20260818\company-wiki\a_share_companies.txt | StockInfoDLSimple\v2-clean-rewrite\a_share_companies.txt | company-wiki\companies_list.txt | revenue-forecast\.planning\2026-09-19-three-project-history-audit\execution_runs\I-14-F-R1\a20260922-01\iso\red-tree\companies_list.txt,possible duplicate; retained separately for identity review
万科,CN:000002 | RAW:万科,CN | unspecified,company-wiki\a_share_companies.txt | revenue-forecast\.review-zr407-20260818\company-wiki\a_share_companies.txt | company-wiki\companies_list.txt | revenue-forecast\.planning\2026-09-19-three-project-history-audit\execution_runs\I-14-F-R1\a20260922-01\iso\red-tree\companies_list.txt,possible duplicate; retained separately for identity review
三七互娱,CN:002555 | RAW:三七互娱,CN | unspecified,company-wiki\a_share_companies.txt | revenue-forecast\.review-zr407-20260818\company-wiki\a_share_companies.txt | StockInfoDLSimple\v2-clean-rewrite\a_share_companies.txt | company-wiki\companies_list.txt | revenue-forecast\.planning\2026-09-19-three-project-history-audit\execution_runs\I-14-F-R1\a20260922-01\iso\red-tree\companies_list.txt,possible duplicate; retained separately for identity review
三只松鼠,CN:300783 | RAW:三只松鼠,CN | unspecified,company-wiki\a_share_companies.txt | revenue-forecast\.review-zr407-20260818\company-wiki\a_share_companies.txt | StockInfoDLSimple\v2-clean-rewrite\a_share_companies.txt | company-wiki\companies_list.txt | revenue-forecast\.planning\2026-09-19-three-project-history-audit\execution_runs\I-14-F-R1\a20260922-01\iso\red-tree\companies_list.txt,possible duplicate; retained separately for identity review
三德科技,CN:300515 | RAW:三德科技,CN | unspecified,company-wiki\a_share_companies.txt | revenue-forecast\.review-zr407-20260818\company-wiki\a_share_companies.txt | StockInfoDLSimple\v2-clean-rewrite\a_share_companies.txt | company-wiki\companies_list.txt | Research\config\pending_list.txt | revenue-forecast\.planning\2026-09-19-three-project-history-audit\execution_runs\I-14-F-R1\a20260922-01\iso\red-tree\companies_list.txt,possible duplicate; retained separately for identity review
三环集团,CN:300408 | RAW:三环集团,CN | unspecified,company-wiki\a_share_companies.txt | revenue-forecast\.review-zr407-20260818\company-wiki\a_share_companies.txt | StockInfoDLSimple\v2-clean-rewrite\a_share_companies.txt | company-wiki\companies_list.txt | Research\config\pending_list.txt | revenue-forecast\.planning\2026-09-19-three-project-history-audit\execution_runs\I-14-F-R1\a20260922-01\iso\red-tree\companies_list.txt,possible duplicate; retained separately for identity review
三联虹普,CN:300384 | RAW:三联虹普,CN | unspecified,company-wiki\a_share_companies.txt | revenue-forecast\.review-zr407-20260818\company-wiki\a_share_companies.txt | StockInfoDLSimple\v2-clean-rewrite\a_share_companies.txt | company-wiki\companies_list.txt | revenue-forecast\.planning\2026-09-19-three-project-history-audit\execution_runs\I-14-F-R1\a20260922-01\iso\red-tree\companies_list.txt,possible duplicate; retained separately for identity review
三角防务,CN:300775 | RAW:三角防务,CN | unspecified,company-wiki\a_share_companies.txt | revenue-forecast\.review-zr407-20260818\company-wiki\a_share_companies.txt | StockInfoDLSimple\v2-clean-rewrite\a_share_companies.txt | company-wiki\companies_list.txt | revenue-forecast\.planning\2026-09-19-three-project-history-audit\execution_runs\I-14-F-R1\a20260922-01\iso\red-tree\companies_list.txt,possible duplicate; retained separately for identity review
上峰水泥,CN:000672 | RAW:上峰水泥,CN | unspecified,company-wiki\a_share_companies.txt | revenue-forecast\.review-zr407-20260818\company-wiki\a_share_companies.txt | StockInfoDLSimple\v2-clean-rewrite\a_share_companies.txt | company-wiki\companies_list.txt | Research\config\pending_list.txt | revenue-forecast\.planning\2026-09-19-three-project-history-audit\execution_runs\I-14-F-R1\a20260922-01\iso\red-tree\companies_list.txt,possible duplicate; retained separately for identity review
世华科技,CN:688093 | RAW:世华科技,CN | unspecified,company-wiki\a_share_companies.txt | revenue-forecast\.review-zr407-20260818\company-wiki\a_share_companies.txt | StockInfoDLSimple\v2-clean-rewrite\a_share_companies.txt | company-wiki\companies_list.txt | Research\config\pending_list.txt | revenue-forecast\.planning\2026-09-19-three-project-history-audit\execution_runs\I-14-F-R1\a20260922-01\iso\red-tree\companies_list.txt,possible duplicate; retained separately for identity review
东方电缆,CN:603606 | RAW:东方电缆,CN | unspecified,company-wiki\a_share_companies.txt | revenue-forecast\.review-zr407-20260818\company-wiki\a_share_companies.txt | StockInfoDLSimple\v2-clean-rewrite\a_share_companies.txt | company-wiki\companies_list.txt | revenue-forecast\.planning\2026-09-19-three-project-history-audit\execution_runs\I-14-F-R1\a20260922-01\iso\red-tree\companies_list.txt,possible duplicate; retained separately for identity review
东方雨虹,CN:002271 | RAW:东方雨虹,CN | unspecified,company-wiki\a_share_companies.txt | revenue-forecast\.review-zr407-20260818\company-wiki\a_share_companies.txt | StockInfoDLSimple\v2-clean-rewrite\a_share_companies.txt | company-wiki\companies_list.txt | revenue-forecast\.planning\2026-09-19-three-project-history-audit\execution_runs\I-14-F-R1\a20260922-01\iso\red-tree\companies_list.txt,possible duplicate; retained separately for identity review
东珠生态,CN:603359 | RAW:东珠生态,CN | unspecified,company-wiki\a_share_companies.txt | revenue-forecast\.review-zr407-20260818\company-wiki\a_share_companies.txt | company-wiki\companies_list.txt | Research\config\pending_list.txt | revenue-forecast\.planning\2026-09-19-three-project-history-audit\execution_runs\I-14-F-R1\a20260922-01\iso\red-tree\companies_list.txt,possible duplicate; retained separately for identity review
东睦股份,CN:600114 | RAW:东睦股份,CN | unspecified,company-wiki\a_share_companies.txt | revenue-forecast\.review-zr407-20260818\company-wiki\a_share_companies.txt | StockInfoDLSimple\v2-clean-rewrite\a_share_companies.txt | company-wiki\companies_list.txt | Research\config\pending_list.txt | revenue-forecast\.planning\2026-09-19-three-project-history-audit\execution_runs\I-14-F-R1\a20260922-01\iso\red-tree\companies_list.txt,possible duplicate; retained separately for identity review
中信建投,CN:002168 | CN:601066 | RAW:中信建投,CN | unspecified,StockInfoDLSimple\v2-clean-rewrite\a_share_companies.txt | company-wiki\a_share_companies.txt | revenue-forecast\.review-zr407-20260818\company-wiki\a_share_companies.txt | company-wiki\companies_list.txt | revenue-forecast\.planning\2026-09-19-three-project-history-audit\execution_runs\I-14-F-R1\a20260922-01\iso\red-tree\companies_list.txt,possible duplicate; retained separately for identity review
中国巨石,CN:600176 | RAW:中国巨石,CN | unspecified,company-wiki\a_share_companies.txt | revenue-forecast\.review-zr407-20260818\company-wiki\a_share_companies.txt | StockInfoDLSimple\v2-clean-rewrite\a_share_companies.txt | company-wiki\companies_list.txt | revenue-forecast\.planning\2026-09-19-three-project-history-audit\execution_runs\I-14-F-R1\a20260922-01\iso\red-tree\companies_list.txt,possible duplicate; retained separately for identity review
中国平安,CN:601318 | RAW:中国平安,CN | unspecified,company-wiki\a_share_companies.txt | revenue-forecast\.review-zr407-20260818\company-wiki\a_share_companies.txt | StockInfoDLSimple\v2-clean-rewrite\a_share_companies.txt | company-wiki\companies_list.txt | revenue-forecast\.planning\2026-09-19-three-project-history-audit\execution_runs\I-14-F-R1\a20260922-01\iso\red-tree\companies_list.txt,possible duplicate; retained separately for identity review
中大力德,CN:002896 | RAW:中大力德,CN | unspecified,company-wiki\a_share_companies.txt | revenue-forecast\.review-zr407-20260818\company-wiki\a_share_companies.txt | StockInfoDLSimple\v2-clean-rewrite\a_share_companies.txt | company-wiki\companies_list.txt | Research\config\pending_list.txt | revenue-forecast\.planning\2026-09-19-three-project-history-audit\execution_runs\I-14-F-R1\a20260922-01\iso\red-tree\companies_list.txt,possible duplicate; retained separately for identity review
中密控股,CN:300470 | RAW:中密控股,CN | unspecified,company-wiki\a_share_companies.txt | revenue-forecast\.review-zr407-20260818\company-wiki\a_share_companies.txt | StockInfoDLSimple\v2-clean-rewrite\a_share_companies.txt | StockInfoDLSimple\v2-clean-rewrite\companies.txt | company-wiki\companies_list.txt | Research\config\pending_list.txt | revenue-forecast\.planning\2026-09-19-three-project-history-audit\execution_runs\I-14-F-R1\a20260922-01\iso\red-tree\companies_list.txt,possible duplicate; retained separately for identity review
中微公司,CN:688012 | RAW:中微公司,CN | unspecified,company-wiki\a_share_companies.txt | revenue-forecast\.review-zr407-20260818\company-wiki\a_share_companies.txt | StockInfoDLSimple\v2-clean-rewrite\a_share_companies.txt | company-wiki\companies_list.txt | Research\config\pending_list.txt | revenue-forecast\.planning\2026-09-19-three-project-history-audit\execution_runs\I-14-F-R1\a20260922-01\iso\red-tree\companies_list.txt,possible duplicate; retained separately for identity review
中望软件,CN:688083 | RAW:中望软件,CN | unspecified,company-wiki\a_share_companies.txt | revenue-forecast\.review-zr407-20260818\company-wiki\a_share_companies.txt | StockInfoDLSimple\v2-clean-rewrite\a_share_companies.txt | company-wiki\companies_list.txt | revenue-forecast\.planning\2026-09-19-three-project-history-audit\execution_runs\I-14-F-R1\a20260922-01\iso\red-tree\companies_list.txt,possible duplicate; retained separately for identity review
中直股份,CN:600038 | RAW:中直股份,CN | unspecified,company-wiki\a_share_companies.txt | revenue-forecast\.review-zr407-20260818\company-wiki\a_share_companies.txt | StockInfoDLSimple\v2-clean-rewrite\a_share_companies.txt | company-wiki\companies_list.txt | revenue-forecast\.planning\2026-09-19-three-project-history-audit\execution_runs\I-14-F-R1\a20260922-01\iso\red-tree\companies_list.txt,possible duplicate; retained separately for identity review
中科曙光,CN:603019 | RAW:中科曙光,CN | unspecified,company-wiki\a_share_companies.txt | revenue-forecast\.review-zr407-20260818\company-wiki\a_share_companies.txt | StockInfoDLSimple\v2-clean-rewrite\a_share_companies.txt | company-wiki\companies_list.txt | revenue-forecast\.planning\2026-09-19-three-project-history-audit\execution_runs\I-14-F-R1\a20260922-01\iso\red-tree\companies_list.txt,possible duplicate; retained separately for identity review
中航光电,CN:002179 | RAW:中航光电,CN | unspecified,company-wiki\a_share_companies.txt | revenue-forecast\.review-zr407-20260818\company-wiki\a_share_companies.txt | StockInfoDLSimple\v2-clean-rewrite\a_share_companies.txt | company-wiki\companies_list.txt | Research\config\pending_list.txt | revenue-forecast\.planning\2026-09-19-three-project-history-audit\execution_runs\I-14-F-R1\a20260922-01\iso\red-tree\companies_list.txt,possible duplicate; retained separately for identity review
中航机电,CN:002013 | RAW:中航机电,CN | unspecified,company-wiki\a_share_companies.txt | revenue-forecast\.review-zr407-20260818\company-wiki\a_share_companies.txt | StockInfoDLSimple\v2-clean-rewrite\a_share_companies.txt | company-wiki\companies_list.txt | revenue-forecast\.planning\2026-09-19-three-project-history-audit\execution_runs\I-14-F-R1\a20260922-01\iso\red-tree\companies_list.txt,possible duplicate; retained separately for identity review
中航沈飞,CN:600760 | RAW:中航沈飞,CN | unspecified,company-wiki\a_share_companies.txt | revenue-forecast\.review-zr407-20260818\company-wiki\a_share_companies.txt | StockInfoDLSimple\v2-clean-rewrite\a_share_companies.txt | company-wiki\companies_list.txt | revenue-forecast\.planning\2026-09-19-three-project-history-audit\execution_runs\I-14-F-R1\a20260922-01\iso\red-tree\companies_list.txt,possible duplicate; retained separately for identity review
中航电子,CN:600372 | RAW:中航电子,CN | unspecified,company-wiki\a_share_companies.txt | revenue-forecast\.review-zr407-20260818\company-wiki\a_share_companies.txt | company-wiki\companies_list.txt | revenue-forecast\.planning\2026-09-19-three-project-history-audit\execution_runs\I-14-F-R1\a20260922-01\iso\red-tree\companies_list.txt,possible duplicate; retained separately for identity review
中航电测,CN:300114 | RAW:中航电测,CN | unspecified,company-wiki\a_share_companies.txt | revenue-forecast\.review-zr407-20260818\company-wiki\a_share_companies.txt | StockInfoDLSimple\v2-clean-rewrite\a_share_companies.txt | company-wiki\companies_list.txt | Research\config\pending_list.txt | revenue-forecast\.planning\2026-09-19-three-project-history-audit\execution_runs\I-14-F-R1\a20260922-01\iso\red-tree\companies_list.txt,possible duplicate; retained separately for identity review
中航西飞,CN:000768 | RAW:中航西飞,CN | unspecified,company-wiki\a_share_companies.txt | revenue-forecast\.review-zr407-20260818\company-wiki\a_share_companies.txt | StockInfoDLSimple\v2-clean-rewrite\a_share_companies.txt | company-wiki\companies_list.txt | revenue-forecast\.planning\2026-09-19-three-project-history-audit\execution_runs\I-14-F-R1\a20260922-01\iso\red-tree\companies_list.txt,possible duplicate; retained separately for identity review
中航重机,CN:600765 | RAW:中航重机,CN | unspecified,company-wiki\a_share_companies.txt | revenue-forecast\.review-zr407-20260818\company-wiki\a_share_companies.txt | StockInfoDLSimple\v2-clean-rewrite\a_share_companies.txt | company-wiki\companies_list.txt | revenue-forecast\.planning\2026-09-19-three-project-history-audit\execution_runs\I-14-F-R1\a20260922-01\iso\red-tree\companies_list.txt,possible duplicate; retained separately for identity review
中芯国际,CN:688981 | RAW:中芯国际,CN | unspecified,company-wiki\a_share_companies.txt | revenue-forecast\.review-zr407-20260818\company-wiki\a_share_companies.txt | StockInfoDLSimple\v2-clean-rewrite\a_share_companies.txt | company-wiki\companies_list.txt | revenue-forecast\.planning\2026-09-19-three-project-history-audit\execution_runs\I-14-F-R1\a20260922-01\iso\red-tree\companies_list.txt,possible duplicate; retained separately for identity review
中际旭创,CN:300308 | RAW:中际旭创,CN | unspecified,company-wiki\a_share_companies.txt | revenue-forecast\.review-zr407-20260818\company-wiki\a_share_companies.txt | StockInfoDLSimple\v2-clean-rewrite\a_share_companies.txt | company-wiki\companies_list.txt | revenue-forecast\.planning\2026-09-19-three-project-history-audit\execution_runs\I-14-F-R1\a20260922-01\iso\red-tree\companies_list.txt,possible duplicate; retained separately for identity review
中颖电子,CN:300327 | RAW:中颖电子,CN | unspecified,company-wiki\a_share_companies.txt | revenue-forecast\.review-zr407-20260818\company-wiki\a_share_companies.txt | StockInfoDLSimple\v2-clean-rewrite\a_share_companies.txt | company-wiki\companies_list.txt | Research\config\pending_list.txt | revenue-forecast\.planning\2026-09-19-three-project-history-audit\execution_runs\I-14-F-R1\a20260922-01\iso\red-tree\companies_list.txt,possible duplicate; retained separately for identity review
丸美股份,CN:603983 | RAW:丸美股份,CN | unspecified,company-wiki\a_share_companies.txt | revenue-forecast\.review-zr407-20260818\company-wiki\a_share_companies.txt | company-wiki\companies_list.txt | revenue-forecast\.planning\2026-09-19-three-project-history-audit\execution_runs\I-14-F-R1\a20260922-01\iso\red-tree\companies_list.txt,possible duplicate; retained separately for identity review
久吾高科,CN:300631 | RAW:久吾高科,CN | unspecified,company-wiki\a_share_companies.txt | revenue-forecast\.review-zr407-20260818\company-wiki\a_share_companies.txt | StockInfoDLSimple\v2-clean-rewrite\a_share_companies.txt | company-wiki\companies_list.txt | Research\config\pending_list.txt | revenue-forecast\.planning\2026-09-19-three-project-history-audit\execution_runs\I-14-F-R1\a20260922-01\iso\red-tree\companies_list.txt,possible duplicate; retained separately for identity review
五芳斋,CN:603237 | RAW:五芳斋,CN | unspecified,company-wiki\a_share_companies.txt | revenue-forecast\.review-zr407-20260818\company-wiki\a_share_companies.txt | StockInfoDLSimple\v2-clean-rewrite\a_share_companies.txt | company-wiki\companies_list.txt | revenue-forecast\.planning\2026-09-19-three-project-history-audit\execution_runs\I-14-F-R1\a20260922-01\iso\red-tree\companies_list.txt,possible duplicate; retained separately for identity review
京东方,CN:000725 | RAW:京东方,CN | unspecified,company-wiki\a_share_companies.txt | revenue-forecast\.review-zr407-20260818\company-wiki\a_share_companies.txt | company-wiki\companies_list.txt | Research\config\pending_list.txt | revenue-forecast\.planning\2026-09-19-three-project-history-audit\execution_runs\I-14-F-R1\a20260922-01\iso\red-tree\companies_list.txt,possible duplicate; retained separately for identity review
亿华通,CN:688339 | RAW:亿华通,CN | unspecified,company-wiki\a_share_companies.txt | revenue-forecast\.review-zr407-20260818\company-wiki\a_share_companies.txt | StockInfoDLSimple\v2-clean-rewrite\a_share_companies.txt | company-wiki\companies_list.txt | revenue-forecast\.planning\2026-09-19-three-project-history-audit\execution_runs\I-14-F-R1\a20260922-01\iso\red-tree\companies_list.txt,possible duplicate; retained separately for identity review
伊利股份,CN:600887 | RAW:伊利股份,CN | unspecified,company-wiki\a_share_companies.txt | revenue-forecast\.review-zr407-20260818\company-wiki\a_share_companies.txt | StockInfoDLSimple\v2-clean-rewrite\a_share_companies.txt | company-wiki\companies_list.txt | revenue-forecast\.planning\2026-09-19-three-project-history-audit\execution_runs\I-14-F-R1\a20260922-01\iso\red-tree\companies_list.txt,possible duplicate; retained separately for identity review
优利德,CN:688628 | RAW:优利德,CN | unspecified,company-wiki\a_share_companies.txt | revenue-forecast\.review-zr407-20260818\company-wiki\a_share_companies.txt | StockInfoDLSimple\v2-clean-rewrite\a_share_companies.txt | company-wiki\companies_list.txt | revenue-forecast\.planning\2026-09-19-three-project-history-audit\execution_runs\I-14-F-R1\a20260922-01\iso\red-tree\companies_list.txt,possible duplicate; retained separately for identity review
伟星新材,CN:002372 | RAW:伟星新材,CN | unspecified,company-wiki\a_share_companies.txt | revenue-forecast\.review-zr407-20260818\company-wiki\a_share_companies.txt | StockInfoDLSimple\v2-clean-rewrite\a_share_companies.txt | company-wiki\companies_list.txt | Research\config\pending_list.txt | revenue-forecast\.planning\2026-09-19-three-project-history-audit\execution_runs\I-14-F-R1\a20260922-01\iso\red-tree\companies_list.txt,possible duplicate; retained separately for identity review
元祖股份,CN:603886 | RAW:元祖股份,CN | unspecified,company-wiki\a_share_companies.txt | revenue-forecast\.review-zr407-20260818\company-wiki\a_share_companies.txt | StockInfoDLSimple\v2-clean-rewrite\a_share_companies.txt | company-wiki\companies_list.txt | revenue-forecast\.planning\2026-09-19-three-project-history-audit\execution_runs\I-14-F-R1\a20260922-01\iso\red-tree\companies_list.txt,possible duplicate; retained separately for identity review
兆易创新,CN:603986 | RAW:兆易创新,CN | unspecified,company-wiki\a_share_companies.txt | revenue-forecast\.review-zr407-20260818\company-wiki\a_share_companies.txt | StockInfoDLSimple\v2-clean-rewrite\a_share_companies.txt | company-wiki\companies_list.txt | revenue-forecast\.planning\2026-09-19-three-project-history-audit\execution_runs\I-14-F-R1\a20260922-01\iso\red-tree\companies_list.txt,possible duplicate; retained separately for identity review
光明乳业,CN:600597 | RAW:光明乳业,CN | unspecified,company-wiki\a_share_companies.txt | revenue-forecast\.review-zr407-20260818\company-wiki\a_share_companies.txt | StockInfoDLSimple\v2-clean-rewrite\a_share_companies.txt | company-wiki\companies_list.txt | revenue-forecast\.planning\2026-09-19-three-project-history-audit\execution_runs\I-14-F-R1\a20260922-01\iso\red-tree\companies_list.txt,possible duplicate; retained separately for identity review
光线传媒,CN:300251 | RAW:光线传媒,CN | unspecified,company-wiki\a_share_companies.txt | revenue-forecast\.review-zr407-20260818\company-wiki\a_share_companies.txt | StockInfoDLSimple\v2-clean-rewrite\a_share_companies.txt | company-wiki\companies_list.txt | revenue-forecast\.planning\2026-09-19-three-project-history-audit\execution_runs\I-14-F-R1\a20260922-01\iso\red-tree\companies_list.txt,possible duplicate; retained separately for identity review
光迅科技,CN:002281 | RAW:光迅科技,CN | unspecified,company-wiki\a_share_companies.txt | revenue-forecast\.review-zr407-20260818\company-wiki\a_share_companies.txt | StockInfoDLSimple\v2-clean-rewrite\a_share_companies.txt | company-wiki\companies_list.txt | revenue-forecast\.planning\2026-09-19-three-project-history-audit\execution_runs\I-14-F-R1\a20260922-01\iso\red-tree\companies_list.txt,possible duplicate; retained separately for identity review
八方股份,CN:603489 | RAW:八方股份,CN | unspecified,company-wiki\a_share_companies.txt | revenue-forecast\.review-zr407-20260818\company-wiki\a_share_companies.txt | StockInfoDLSimple\v2-clean-rewrite\a_share_companies.txt | company-wiki\companies_list.txt | revenue-forecast\.planning\2026-09-19-three-project-history-audit\execution_runs\I-14-F-R1\a20260922-01\iso\red-tree\companies_list.txt,possible duplicate; retained separately for identity review
共创草坪,CN:605099 | RAW:共创草坪,CN | unspecified,company-wiki\a_share_companies.txt | revenue-forecast\.review-zr407-20260818\company-wiki\a_share_companies.txt | StockInfoDLSimple\v2-clean-rewrite\a_share_companies.txt | company-wiki\companies_list.txt | Research\config\pending_list.txt | revenue-forecast\.planning\2026-09-19-three-project-history-audit\execution_runs\I-14-F-R1\a20260922-01\iso\red-tree\companies_list.txt,possible duplicate; retained separately for identity review
养元饮品,CN:603156 | RAW:养元饮品,CN | unspecified,company-wiki\a_share_companies.txt | revenue-forecast\.review-zr407-20260818\company-wiki\a_share_companies.txt | StockInfoDLSimple\v2-clean-rewrite\a_share_companies.txt | company-wiki\companies_list.txt | revenue-forecast\.planning\2026-09-19-three-project-history-audit\execution_runs\I-14-F-R1\a20260922-01\iso\red-tree\companies_list.txt,possible duplicate; retained separately for identity review
凯赛生物,CN:688065 | RAW:凯赛生物,CN | unspecified,company-wiki\a_share_companies.txt | revenue-forecast\.review-zr407-20260818\company-wiki\a_share_companies.txt | StockInfoDLSimple\v2-clean-rewrite\a_share_companies.txt | company-wiki\companies_list.txt | revenue-forecast\.planning\2026-09-19-three-project-history-audit\execution_runs\I-14-F-R1\a20260922-01\iso\red-tree\companies_list.txt,possible duplicate; retained separately for identity review
分众传媒,CN:002027 | RAW:分众传媒,CN | unspecified,company-wiki\a_share_companies.txt | revenue-forecast\.review-zr407-20260818\company-wiki\a_share_companies.txt | StockInfoDLSimple\v2-clean-rewrite\a_share_companies.txt | company-wiki\companies_list.txt | Research\config\pending_list.txt | revenue-forecast\.planning\2026-09-19-three-project-history-audit\execution_runs\I-14-F-R1\a20260922-01\iso\red-tree\companies_list.txt,possible duplicate; retained separately for identity review
北新建材,CN:000786 | RAW:北新建材,CN | unspecified,company-wiki\a_share_companies.txt | revenue-forecast\.review-zr407-20260818\company-wiki\a_share_companies.txt | StockInfoDLSimple\v2-clean-rewrite\a_share_companies.txt | company-wiki\companies_list.txt | Research\config\pending_list.txt | revenue-forecast\.planning\2026-09-19-three-project-history-audit\execution_runs\I-14-F-R1\a20260922-01\iso\red-tree\companies_list.txt,possible duplicate; retained separately for identity review
北方华创,CN:002371 | RAW:北方华创,CN | unspecified,company-wiki\a_share_companies.txt | revenue-forecast\.review-zr407-20260818\company-wiki\a_share_companies.txt | StockInfoDLSimple\v2-clean-rewrite\a_share_companies.txt | company-wiki\companies_list.txt | revenue-forecast\.planning\2026-09-19-three-project-history-audit\execution_runs\I-14-F-R1\a20260922-01\iso\red-tree\companies_list.txt,possible duplicate; retained separately for identity review
华利集团,CN:300979 | RAW:华利集团,CN | unspecified,company-wiki\a_share_companies.txt | revenue-forecast\.review-zr407-20260818\company-wiki\a_share_companies.txt | StockInfoDLSimple\v2-clean-rewrite\a_share_companies.txt | company-wiki\companies_list.txt | Research\config\pending_list.txt | revenue-forecast\.planning\2026-09-19-three-project-history-audit\execution_runs\I-14-F-R1\a20260922-01\iso\red-tree\companies_list.txt,possible duplicate; retained separately for identity review
华卓精科,CN:688152 | RAW:华卓精科,CN | unspecified,company-wiki\a_share_companies.txt | revenue-forecast\.review-zr407-20260818\company-wiki\a_share_companies.txt | company-wiki\companies_list.txt | revenue-forecast\.planning\2026-09-19-three-project-history-audit\execution_runs\I-14-F-R1\a20260922-01\iso\red-tree\companies_list.txt,possible duplicate; retained separately for identity review
华大九天,CN:301269 | RAW:华大九天,CN | unspecified,company-wiki\a_share_companies.txt | revenue-forecast\.review-zr407-20260818\company-wiki\a_share_companies.txt | StockInfoDLSimple\v2-clean-rewrite\a_share_companies.txt | company-wiki\companies_list.txt | revenue-forecast\.planning\2026-09-19-three-project-history-audit\execution_runs\I-14-F-R1\a20260922-01\iso\red-tree\companies_list.txt,possible duplicate; retained separately for identity review
华海清科,CN:688120 | RAW:华海清科,CN | unspecified,company-wiki\a_share_companies.txt | revenue-forecast\.review-zr407-20260818\company-wiki\a_share_companies.txt | StockInfoDLSimple\v2-clean-rewrite\a_share_companies.txt | company-wiki\companies_list.txt | revenue-forecast\.planning\2026-09-19-three-project-history-audit\execution_runs\I-14-F-R1\a20260922-01\iso\red-tree\companies_list.txt,possible duplicate; retained separately for identity review
华特气体,CN:688268 | RAW:华特气体,CN | unspecified,company-wiki\a_share_companies.txt | revenue-forecast\.review-zr407-20260818\company-wiki\a_share_companies.txt | StockInfoDLSimple\v2-clean-rewrite\a_share_companies.txt | company-wiki\companies_list.txt | revenue-forecast\.planning\2026-09-19-three-project-history-audit\execution_runs\I-14-F-R1\a20260922-01\iso\red-tree\companies_list.txt,possible duplicate; retained separately for identity review
华虹半导体,CN:688347 | RAW:华虹半导体,CN | unspecified,company-wiki\a_share_companies.txt | revenue-forecast\.review-zr407-20260818\company-wiki\a_share_companies.txt | company-wiki\companies_list.txt | revenue-forecast\.planning\2026-09-19-three-project-history-audit\execution_runs\I-14-F-R1\a20260922-01\iso\red-tree\companies_list.txt,possible duplicate; retained separately for identity review
华铁应急,CN:603300 | RAW:华铁应急,CN | unspecified,company-wiki\a_share_companies.txt | revenue-forecast\.review-zr407-20260818\company-wiki\a_share_companies.txt | company-wiki\companies_list.txt | revenue-forecast\.planning\2026-09-19-three-project-history-audit\execution_runs\I-14-F-R1\a20260922-01\iso\red-tree\companies_list.txt,possible duplicate; retained separately for identity review
华锐精密,CN:688059 | RAW:华锐精密,CN | unspecified,company-wiki\a_share_companies.txt | revenue-forecast\.review-zr407-20260818\company-wiki\a_share_companies.txt | StockInfoDLSimple\v2-clean-rewrite\a_share_companies.txt | company-wiki\companies_list.txt | revenue-forecast\.planning\2026-09-19-three-project-history-audit\execution_runs\I-14-F-R1\a20260922-01\iso\red-tree\companies_list.txt,possible duplicate; retained separately for identity review
卓胜微,CN:300782 | RAW:卓胜微,CN | unspecified,company-wiki\a_share_companies.txt | revenue-forecast\.review-zr407-20260818\company-wiki\a_share_companies.txt | StockInfoDLSimple\v2-clean-rewrite\a_share_companies.txt | company-wiki\companies_list.txt | revenue-forecast\.planning\2026-09-19-three-project-history-audit\execution_runs\I-14-F-R1\a20260922-01\iso\red-tree\companies_list.txt,possible duplicate; retained separately for identity review
南大光电,CN:300346 | RAW:南大光电,CN | unspecified,company-wiki\a_share_companies.txt | revenue-forecast\.review-zr407-20260818\company-wiki\a_share_companies.txt | StockInfoDLSimple\v2-clean-rewrite\a_share_companies.txt | company-wiki\companies_list.txt | revenue-forecast\.planning\2026-09-19-three-project-history-audit\execution_runs\I-14-F-R1\a20260922-01\iso\red-tree\companies_list.txt,possible duplicate; retained separately for identity review
博威合金,CN:601137 | RAW:博威合金,CN | unspecified,company-wiki\a_share_companies.txt | revenue-forecast\.review-zr407-20260818\company-wiki\a_share_companies.txt | StockInfoDLSimple\v2-clean-rewrite\a_share_companies.txt | company-wiki\companies_list.txt | revenue-forecast\.planning\2026-09-19-three-project-history-audit\execution_runs\I-14-F-R1\a20260922-01\iso\red-tree\companies_list.txt,possible duplicate; retained separately for identity review
双环传动,CN:002472 | RAW:双环传动,CN | unspecified,company-wiki\a_share_companies.txt | revenue-forecast\.review-zr407-20260818\company-wiki\a_share_companies.txt | StockInfoDLSimple\v2-clean-rewrite\a_share_companies.txt | company-wiki\companies_list.txt | revenue-forecast\.planning\2026-09-19-three-project-history-audit\execution_runs\I-14-F-R1\a20260922-01\iso\red-tree\companies_list.txt,possible duplicate; retained separately for identity review
古井贡酒,CN:000596 | RAW:古井贡酒,CN | unspecified,company-wiki\a_share_companies.txt | revenue-forecast\.review-zr407-20260818\company-wiki\a_share_companies.txt | StockInfoDLSimple\v2-clean-rewrite\a_share_companies.txt | company-wiki\companies_list.txt | Research\config\pending_list.txt | revenue-forecast\.planning\2026-09-19-three-project-history-audit\execution_runs\I-14-F-R1\a20260922-01\iso\red-tree\companies_list.txt,possible duplicate; retained separately for identity review
吉比特,CN:603444 | RAW:吉比特,CN | unspecified,company-wiki\a_share_companies.txt | revenue-forecast\.review-zr407-20260818\company-wiki\a_share_companies.txt | StockInfoDLSimple\v2-clean-rewrite\a_share_companies.txt | company-wiki\companies_list.txt | Research\config\pending_list.txt | revenue-forecast\.planning\2026-09-19-three-project-history-audit\execution_runs\I-14-F-R1\a20260922-01\iso\red-tree\companies_list.txt,possible duplicate; retained separately for identity review
周大生,CN:002867 | RAW:周大生,CN | unspecified,company-wiki\a_share_companies.txt | revenue-forecast\.review-zr407-20260818\company-wiki\a_share_companies.txt | StockInfoDLSimple\v2-clean-rewrite\a_share_companies.txt | company-wiki\companies_list.txt | Research\config\pending_list.txt | revenue-forecast\.planning\2026-09-19-three-project-history-audit\execution_runs\I-14-F-R1\a20260922-01\iso\red-tree\companies_list.txt,possible duplicate; retained separately for identity review
国恩股份,CN:002768 | RAW:国恩股份,CN | unspecified,company-wiki\a_share_companies.txt | revenue-forecast\.review-zr407-20260818\company-wiki\a_share_companies.txt | StockInfoDLSimple\v2-clean-rewrite\a_share_companies.txt | company-wiki\companies_list.txt | revenue-forecast\.planning\2026-09-19-three-project-history-audit\execution_runs\I-14-F-R1\a20260922-01\iso\red-tree\companies_list.txt,possible duplicate; retained separately for identity review
国检集团,CN:603060 | RAW:国检集团,CN | unspecified,company-wiki\a_share_companies.txt | revenue-forecast\.review-zr407-20260818\company-wiki\a_share_companies.txt | StockInfoDLSimple\v2-clean-rewrite\a_share_companies.txt | company-wiki\companies_list.txt | revenue-forecast\.planning\2026-09-19-three-project-history-audit\execution_runs\I-14-F-R1\a20260922-01\iso\red-tree\companies_list.txt,possible duplicate; retained separately for identity review
地素时尚,CN:603587 | RAW:地素时尚,CN | unspecified,company-wiki\a_share_companies.txt | revenue-forecast\.review-zr407-20260818\company-wiki\a_share_companies.txt | StockInfoDLSimple\v2-clean-rewrite\a_share_companies.txt | company-wiki\companies_list.txt | revenue-forecast\.planning\2026-09-19-three-project-history-audit\execution_runs\I-14-F-R1\a20260922-01\iso\red-tree\companies_list.txt,possible duplicate; retained separately for identity review
坤彩科技,CN:603826 | RAW:坤彩科技,CN | unspecified,company-wiki\a_share_companies.txt | revenue-forecast\.review-zr407-20260818\company-wiki\a_share_companies.txt | StockInfoDLSimple\v2-clean-rewrite\a_share_companies.txt | company-wiki\companies_list.txt | Research\config\pending_list.txt | revenue-forecast\.planning\2026-09-19-three-project-history-audit\execution_runs\I-14-F-R1\a20260922-01\iso\red-tree\companies_list.txt,possible duplicate; retained separately for identity review
埃斯顿,CN:002747 | RAW:埃斯顿,CN | unspecified,company-wiki\a_share_companies.txt | revenue-forecast\.review-zr407-20260818\company-wiki\a_share_companies.txt | StockInfoDLSimple\v2-clean-rewrite\a_share_companies.txt | company-wiki\companies_list.txt | revenue-forecast\.planning\2026-09-19-three-project-history-audit\execution_runs\I-14-F-R1\a20260922-01\iso\red-tree\companies_list.txt,possible duplicate; retained separately for identity review
大全能源,CN:688303 | RAW:大全能源,CN | unspecified,company-wiki\a_share_companies.txt | revenue-forecast\.review-zr407-20260818\company-wiki\a_share_companies.txt | StockInfoDLSimple\v2-clean-rewrite\a_share_companies.txt | company-wiki\companies_list.txt | revenue-forecast\.planning\2026-09-19-three-project-history-audit\execution_runs\I-14-F-R1\a20260922-01\iso\red-tree\companies_list.txt,possible duplicate; retained separately for identity review
天孚通信,CN:300394 | RAW:天孚通信,CN | unspecified,company-wiki\a_share_companies.txt | revenue-forecast\.review-zr407-20260818\company-wiki\a_share_companies.txt | StockInfoDLSimple\v2-clean-rewrite\a_share_companies.txt | company-wiki\companies_list.txt | Research\config\pending_list.txt | revenue-forecast\.planning\2026-09-19-three-project-history-audit\execution_runs\I-14-F-R1\a20260922-01\iso\red-tree\companies_list.txt,possible duplicate; retained separately for identity review
天宜上佳,CN:688033 | RAW:天宜上佳,CN | unspecified,company-wiki\a_share_companies.txt | revenue-forecast\.review-zr407-20260818\company-wiki\a_share_companies.txt | company-wiki\companies_list.txt | revenue-forecast\.planning\2026-09-19-three-project-history-audit\execution_runs\I-14-F-R1\a20260922-01\iso\red-tree\companies_list.txt,possible duplicate; retained separately for identity review
天新药业,CN:603235 | RAW:天新药业,CN | unspecified,StockInfoDLSimple\v2-clean-rewrite\a_share_companies.txt | company-wiki\companies_list.txt | Research\config\pending_list.txt | revenue-forecast\.planning\2026-09-19-three-project-history-audit\execution_runs\I-14-F-R1\a20260922-01\iso\red-tree\companies_list.txt,possible duplicate; retained separately for identity review
天马股份,CN:002122 | RAW:天马股份,CN | unspecified,company-wiki\a_share_companies.txt | revenue-forecast\.review-zr407-20260818\company-wiki\a_share_companies.txt | company-wiki\companies_list.txt | revenue-forecast\.planning\2026-09-19-three-project-history-audit\execution_runs\I-14-F-R1\a20260922-01\iso\red-tree\companies_list.txt,possible duplicate; retained separately for identity review
太辰光,CN:300570 | RAW:太辰光,CN | unspecified,company-wiki\a_share_companies.txt | revenue-forecast\.review-zr407-20260818\company-wiki\a_share_companies.txt | StockInfoDLSimple\v2-clean-rewrite\a_share_companies.txt | company-wiki\companies_list.txt | revenue-forecast\.planning\2026-09-19-three-project-history-audit\execution_runs\I-14-F-R1\a20260922-01\iso\red-tree\companies_list.txt,possible duplicate; retained separately for identity review
奥普特,CN:688686 | RAW:奥普特,CN | unspecified,company-wiki\a_share_companies.txt | revenue-forecast\.review-zr407-20260818\company-wiki\a_share_companies.txt | StockInfoDLSimple\v2-clean-rewrite\a_share_companies.txt | company-wiki\companies_list.txt | Research\config\pending_list.txt | revenue-forecast\.planning\2026-09-19-three-project-history-audit\execution_runs\I-14-F-R1\a20260922-01\iso\red-tree\companies_list.txt,possible duplicate; retained separately for identity review
奥来德,CN:688378 | RAW:奥来德,CN | unspecified,company-wiki\a_share_companies.txt | revenue-forecast\.review-zr407-20260818\company-wiki\a_share_companies.txt | StockInfoDLSimple\v2-clean-rewrite\a_share_companies.txt | company-wiki\companies_list.txt | revenue-forecast\.planning\2026-09-19-three-project-history-audit\execution_runs\I-14-F-R1\a20260922-01\iso\red-tree\companies_list.txt,possible duplicate; retained separately for identity review
好未来,RAW:好未来 | US:tal,US | unspecified,company-wiki\companies_list.txt | Research\config\pending_list.txt | revenue-forecast\.planning\2026-09-19-three-project-history-audit\execution_runs\I-14-F-R1\a20260922-01\iso\red-tree\companies_list.txt | earnings-transcripts\earnings-transcripts\companies.txt,possible duplicate; retained separately for identity review
妙可蓝多,CN:600882 | RAW:妙可蓝多,CN | unspecified,company-wiki\a_share_companies.txt | revenue-forecast\.review-zr407-20260818\company-wiki\a_share_companies.txt | StockInfoDLSimple\v2-clean-rewrite\a_share_companies.txt | company-wiki\companies_list.txt | revenue-forecast\.planning\2026-09-19-three-project-history-audit\execution_runs\I-14-F-R1\a20260922-01\iso\red-tree\companies_list.txt,possible duplicate; retained separately for identity review
宁德时代,CN:300750 | RAW:宁德时代,CN | unspecified,company-wiki\a_share_companies.txt | revenue-forecast\.review-zr407-20260818\company-wiki\a_share_companies.txt | StockInfoDLSimple\v2-clean-rewrite\a_share_companies.txt | StockInfoDLSimple\v2-clean-rewrite\companies.txt | company-wiki\companies_list.txt | Research\config\pending_list.txt | revenue-forecast\.planning\2026-09-19-three-project-history-audit\execution_runs\I-14-F-R1\a20260922-01\iso\red-tree\companies_list.txt,possible duplicate; retained separately for identity review
安博通,CN:688168 | RAW:安博通,CN | unspecified,company-wiki\a_share_companies.txt | revenue-forecast\.review-zr407-20260818\company-wiki\a_share_companies.txt | StockInfoDLSimple\v2-clean-rewrite\a_share_companies.txt | company-wiki\companies_list.txt | Research\config\pending_list.txt | revenue-forecast\.planning\2026-09-19-three-project-history-audit\execution_runs\I-14-F-R1\a20260922-01\iso\red-tree\companies_list.txt,possible duplicate; retained separately for identity review
安宁股份,CN:002978 | RAW:安宁股份,CN | unspecified,company-wiki\a_share_companies.txt | revenue-forecast\.review-zr407-20260818\company-wiki\a_share_companies.txt | StockInfoDLSimple\v2-clean-rewrite\a_share_companies.txt | company-wiki\companies_list.txt | Research\config\pending_list.txt | revenue-forecast\.planning\2026-09-19-three-project-history-audit\execution_runs\I-14-F-R1\a20260922-01\iso\red-tree\companies_list.txt,possible duplicate; retained separately for identity review
安杰思,CN:688581 | RAW:安杰思,CN | unspecified,company-wiki\a_share_companies.txt | revenue-forecast\.review-zr407-20260818\company-wiki\a_share_companies.txt | StockInfoDLSimple\v2-clean-rewrite\a_share_companies.txt | company-wiki\companies_list.txt | Research\config\pending_list.txt | revenue-forecast\.planning\2026-09-19-three-project-history-audit\execution_runs\I-14-F-R1\a20260922-01\iso\red-tree\companies_list.txt,possible duplicate; retained separately for identity review
安集科技,CN:688019 | RAW:安集科技,CN | unspecified,company-wiki\a_share_companies.txt | revenue-forecast\.review-zr407-20260818\company-wiki\a_share_companies.txt | StockInfoDLSimple\v2-clean-rewrite\a_share_companies.txt | company-wiki\companies_list.txt | Research\config\pending_list.txt | revenue-forecast\.planning\2026-09-19-three-project-history-audit\execution_runs\I-14-F-R1\a20260922-01\iso\red-tree\companies_list.txt,possible duplicate; retained separately for identity review
宋城演艺,CN:300144 | RAW:宋城演艺,CN | unspecified,company-wiki\a_share_companies.txt | revenue-forecast\.review-zr407-20260818\company-wiki\a_share_companies.txt | StockInfoDLSimple\v2-clean-rewrite\a_share_companies.txt | company-wiki\companies_list.txt | revenue-forecast\.planning\2026-09-19-three-project-history-audit\execution_runs\I-14-F-R1\a20260922-01\iso\red-tree\companies_list.txt,possible duplicate; retained separately for identity review
完美世界,CN:002624 | RAW:完美世界,CN | unspecified,company-wiki\a_share_companies.txt | revenue-forecast\.review-zr407-20260818\company-wiki\a_share_companies.txt | StockInfoDLSimple\v2-clean-rewrite\a_share_companies.txt | company-wiki\companies_list.txt | revenue-forecast\.planning\2026-09-19-three-project-history-audit\execution_runs\I-14-F-R1\a20260922-01\iso\red-tree\companies_list.txt,possible duplicate; retained separately for identity review
密尔克卫,CN:603713 | RAW:密尔克卫,CN | unspecified,company-wiki\a_share_companies.txt | revenue-forecast\.review-zr407-20260818\company-wiki\a_share_companies.txt | StockInfoDLSimple\v2-clean-rewrite\a_share_companies.txt | company-wiki\companies_list.txt | Research\config\pending_list.txt | revenue-forecast\.planning\2026-09-19-three-project-history-audit\execution_runs\I-14-F-R1\a20260922-01\iso\red-tree\companies_list.txt,possible duplicate; retained separately for identity review
富森美,CN:002818 | RAW:富森美,CN | unspecified,company-wiki\a_share_companies.txt | revenue-forecast\.review-zr407-20260818\company-wiki\a_share_companies.txt | StockInfoDLSimple\v2-clean-rewrite\a_share_companies.txt | company-wiki\companies_list.txt | revenue-forecast\.planning\2026-09-19-three-project-history-audit\execution_runs\I-14-F-R1\a20260922-01\iso\red-tree\companies_list.txt,possible duplicate; retained separately for identity review
寒武纪,CN:688256 | RAW:寒武纪,CN | unspecified,company-wiki\a_share_companies.txt | revenue-forecast\.review-zr407-20260818\company-wiki\a_share_companies.txt | StockInfoDLSimple\v2-clean-rewrite\a_share_companies.txt | company-wiki\companies_list.txt | revenue-forecast\.planning\2026-09-19-three-project-history-audit\execution_runs\I-14-F-R1\a20260922-01\iso\red-tree\companies_list.txt,possible duplicate; retained separately for identity review
尚品宅配,CN:300616 | RAW:尚品宅配,CN | unspecified,company-wiki\a_share_companies.txt | revenue-forecast\.review-zr407-20260818\company-wiki\a_share_companies.txt | StockInfoDLSimple\v2-clean-rewrite\a_share_companies.txt | company-wiki\companies_list.txt | revenue-forecast\.planning\2026-09-19-three-project-history-audit\execution_runs\I-14-F-R1\a20260922-01\iso\red-tree\companies_list.txt,possible duplicate; retained separately for identity review
山石网科,CN:688030 | RAW:山石网科,CN | unspecified,company-wiki\a_share_companies.txt | revenue-forecast\.review-zr407-20260818\company-wiki\a_share_companies.txt | StockInfoDLSimple\v2-clean-rewrite\a_share_companies.txt | company-wiki\companies_list.txt | Research\config\pending_list.txt | revenue-forecast\.planning\2026-09-19-three-project-history-audit\execution_runs\I-14-F-R1\a20260922-01\iso\red-tree\companies_list.txt,possible duplicate; retained separately for identity review
工业富联,CN:601138 | RAW:工业富联,CN | unspecified,company-wiki\a_share_companies.txt | revenue-forecast\.review-zr407-20260818\company-wiki\a_share_companies.txt | StockInfoDLSimple\v2-clean-rewrite\a_share_companies.txt | company-wiki\companies_list.txt | revenue-forecast\.planning\2026-09-19-three-project-history-audit\execution_runs\I-14-F-R1\a20260922-01\iso\red-tree\companies_list.txt,possible duplicate; retained separately for identity review
广州酒家,CN:603043 | RAW:广州酒家,CN | unspecified,company-wiki\a_share_companies.txt | revenue-forecast\.review-zr407-20260818\company-wiki\a_share_companies.txt | StockInfoDLSimple\v2-clean-rewrite\a_share_companies.txt | company-wiki\companies_list.txt | revenue-forecast\.planning\2026-09-19-three-project-history-audit\execution_runs\I-14-F-R1\a20260922-01\iso\red-tree\companies_list.txt,possible duplicate; retained separately for identity review
广联达,CN:002410 | RAW:广联达,CN | unspecified,company-wiki\a_share_companies.txt | revenue-forecast\.review-zr407-20260818\company-wiki\a_share_companies.txt | StockInfoDLSimple\v2-clean-rewrite\a_share_companies.txt | company-wiki\companies_list.txt | Research\config\pending_list.txt | revenue-forecast\.planning\2026-09-19-three-project-history-audit\execution_runs\I-14-F-R1\a20260922-01\iso\red-tree\companies_list.txt,possible duplicate; retained separately for identity review
康拓医疗,CN:688314 | RAW:康拓医疗,CN | unspecified,company-wiki\a_share_companies.txt | revenue-forecast\.review-zr407-20260818\company-wiki\a_share_companies.txt | StockInfoDLSimple\v2-clean-rewrite\a_share_companies.txt | company-wiki\companies_list.txt | Research\config\pending_list.txt | revenue-forecast\.planning\2026-09-19-three-project-history-audit\execution_runs\I-14-F-R1\a20260922-01\iso\red-tree\companies_list.txt,possible duplicate; retained separately for identity review
开润股份,CN:300577 | RAW:开润股份,CN | unspecified,company-wiki\a_share_companies.txt | revenue-forecast\.review-zr407-20260818\company-wiki\a_share_companies.txt | StockInfoDLSimple\v2-clean-rewrite\a_share_companies.txt | company-wiki\companies_list.txt | revenue-forecast\.planning\2026-09-19-three-project-history-audit\execution_runs\I-14-F-R1\a20260922-01\iso\red-tree\companies_list.txt,possible duplicate; retained separately for identity review
弘亚数控,CN:002833 | RAW:弘亚数控,CN | unspecified,company-wiki\a_share_companies.txt | revenue-forecast\.review-zr407-20260818\company-wiki\a_share_companies.txt | StockInfoDLSimple\v2-clean-rewrite\a_share_companies.txt | company-wiki\companies_list.txt | Research\config\pending_list.txt | revenue-forecast\.planning\2026-09-19-three-project-history-audit\execution_runs\I-14-F-R1\a20260922-01\iso\red-tree\companies_list.txt,possible duplicate; retained separately for identity review
德林海,CN:688069 | RAW:德林海,CN | unspecified,company-wiki\a_share_companies.txt | revenue-forecast\.review-zr407-20260818\company-wiki\a_share_companies.txt | StockInfoDLSimple\v2-clean-rewrite\a_share_companies.txt | company-wiki\companies_list.txt | revenue-forecast\.planning\2026-09-19-three-project-history-audit\execution_runs\I-14-F-R1\a20260922-01\iso\red-tree\companies_list.txt,possible duplicate; retained separately for identity review
德赛西威,CN:002920 | RAW:德赛西威,CN | unspecified,company-wiki\a_share_companies.txt | revenue-forecast\.review-zr407-20260818\company-wiki\a_share_companies.txt | StockInfoDLSimple\v2-clean-rewrite\a_share_companies.txt | company-wiki\companies_list.txt | Research\config\pending_list.txt | revenue-forecast\.planning\2026-09-19-three-project-history-audit\execution_runs\I-14-F-R1\a20260922-01\iso\red-tree\companies_list.txt,possible duplicate; retained separately for identity review
快克股份,CN:603203 | RAW:快克股份,CN | unspecified,company-wiki\a_share_companies.txt | revenue-forecast\.review-zr407-20260818\company-wiki\a_share_companies.txt | company-wiki\companies_list.txt | revenue-forecast\.planning\2026-09-19-three-project-history-audit\execution_runs\I-14-F-R1\a20260922-01\iso\red-tree\companies_list.txt,possible duplicate; retained separately for identity review
恒锋工具,CN:300488 | RAW:恒锋工具,CN | unspecified,company-wiki\a_share_companies.txt | revenue-forecast\.review-zr407-20260818\company-wiki\a_share_companies.txt | StockInfoDLSimple\v2-clean-rewrite\a_share_companies.txt | company-wiki\companies_list.txt | Research\config\pending_list.txt | revenue-forecast\.planning\2026-09-19-three-project-history-audit\execution_runs\I-14-F-R1\a20260922-01\iso\red-tree\companies_list.txt,possible duplicate; retained separately for identity review
恩华药业,CN:002262 | RAW:恩华药业,CN | unspecified,company-wiki\a_share_companies.txt | revenue-forecast\.review-zr407-20260818\company-wiki\a_share_companies.txt | StockInfoDLSimple\v2-clean-rewrite\a_share_companies.txt | company-wiki\companies_list.txt | Research\config\pending_list.txt | revenue-forecast\.planning\2026-09-19-three-project-history-audit\execution_runs\I-14-F-R1\a20260922-01\iso\red-tree\companies_list.txt,possible duplicate; retained separately for identity review
惠泰医疗,CN:688617 | RAW:惠泰医疗,CN | unspecified,company-wiki\a_share_companies.txt | revenue-forecast\.review-zr407-20260818\company-wiki\a_share_companies.txt | StockInfoDLSimple\v2-clean-rewrite\a_share_companies.txt | company-wiki\companies_list.txt | Research\config\pending_list.txt | revenue-forecast\.planning\2026-09-19-three-project-history-audit\execution_runs\I-14-F-R1\a20260922-01\iso\red-tree\companies_list.txt,possible duplicate; retained separately for identity review
拓尔思,CN:300229 | RAW:拓尔思,CN | unspecified,company-wiki\a_share_companies.txt | revenue-forecast\.review-zr407-20260818\company-wiki\a_share_companies.txt | StockInfoDLSimple\v2-clean-rewrite\a_share_companies.txt | company-wiki\companies_list.txt | revenue-forecast\.planning\2026-09-19-three-project-history-audit\execution_runs\I-14-F-R1\a20260922-01\iso\red-tree\companies_list.txt,possible duplicate; retained separately for identity review
拓斯达,CN:300607 | RAW:拓斯达,CN | unspecified,company-wiki\a_share_companies.txt | revenue-forecast\.review-zr407-20260818\company-wiki\a_share_companies.txt | StockInfoDLSimple\v2-clean-rewrite\a_share_companies.txt | company-wiki\companies_list.txt | revenue-forecast\.planning\2026-09-19-three-project-history-audit\execution_runs\I-14-F-R1\a20260922-01\iso\red-tree\companies_list.txt,possible duplicate; retained separately for identity review
拓荆科技,CN:688072 | RAW:拓荆科技,CN | unspecified,company-wiki\a_share_companies.txt | revenue-forecast\.review-zr407-20260818\company-wiki\a_share_companies.txt | StockInfoDLSimple\v2-clean-rewrite\a_share_companies.txt | company-wiki\companies_list.txt | revenue-forecast\.planning\2026-09-19-three-project-history-audit\execution_runs\I-14-F-R1\a20260922-01\iso\red-tree\companies_list.txt,possible duplicate; retained separately for identity review
新产业,CN:300832 | RAW:新产业,CN | unspecified,company-wiki\a_share_companies.txt | revenue-forecast\.review-zr407-20260818\company-wiki\a_share_companies.txt | StockInfoDLSimple\v2-clean-rewrite\a_share_companies.txt | company-wiki\companies_list.txt | Research\config\pending_list.txt | revenue-forecast\.planning\2026-09-19-three-project-history-audit\execution_runs\I-14-F-R1\a20260922-01\iso\red-tree\companies_list.txt,possible duplicate; retained separately for identity review
新华保险,CN:601336 | RAW:新华保险,CN | unspecified,company-wiki\a_share_companies.txt | revenue-forecast\.review-zr407-20260818\company-wiki\a_share_companies.txt | StockInfoDLSimple\v2-clean-rewrite\a_share_companies.txt | company-wiki\companies_list.txt | Research\config\pending_list.txt | revenue-forecast\.planning\2026-09-19-three-project-history-audit\execution_runs\I-14-F-R1\a20260922-01\iso\red-tree\companies_list.txt,possible duplicate; retained separately for identity review
新易盛,CN:300502 | RAW:新易盛,CN | unspecified,company-wiki\a_share_companies.txt | revenue-forecast\.review-zr407-20260818\company-wiki\a_share_companies.txt | StockInfoDLSimple\v2-clean-rewrite\a_share_companies.txt | company-wiki\companies_list.txt | revenue-forecast\.planning\2026-09-19-three-project-history-audit\execution_runs\I-14-F-R1\a20260922-01\iso\red-tree\companies_list.txt,possible duplicate; retained separately for identity review
方大特钢,CN:600507 | RAW:方大特钢,CN | unspecified,company-wiki\a_share_companies.txt | revenue-forecast\.review-zr407-20260818\company-wiki\a_share_companies.txt | StockInfoDLSimple\v2-clean-rewrite\a_share_companies.txt | company-wiki\companies_list.txt | Research\config\pending_list.txt | revenue-forecast\.planning\2026-09-19-three-project-history-audit\execution_runs\I-14-F-R1\a20260922-01\iso\red-tree\companies_list.txt,possible duplicate; retained separately for identity review
方邦股份,CN:688020 | RAW:方邦股份,CN | unspecified,company-wiki\a_share_companies.txt | revenue-forecast\.review-zr407-20260818\company-wiki\a_share_companies.txt | StockInfoDLSimple\v2-clean-rewrite\a_share_companies.txt | company-wiki\companies_list.txt | revenue-forecast\.planning\2026-09-19-three-project-history-audit\execution_runs\I-14-F-R1\a20260922-01\iso\red-tree\companies_list.txt,possible duplicate; retained separately for identity review
时代新材,CN:600458 | RAW:时代新材,CN | unspecified,company-wiki\a_share_companies.txt | revenue-forecast\.review-zr407-20260818\company-wiki\a_share_companies.txt | StockInfoDLSimple\v2-clean-rewrite\a_share_companies.txt | company-wiki\companies_list.txt | revenue-forecast\.planning\2026-09-19-three-project-history-audit\execution_runs\I-14-F-R1\a20260922-01\iso\red-tree\companies_list.txt,possible duplicate; retained separately for identity review
时代电气,CN:688187 | RAW:时代电气,CN | unspecified,company-wiki\a_share_companies.txt | revenue-forecast\.review-zr407-20260818\company-wiki\a_share_companies.txt | StockInfoDLSimple\v2-clean-rewrite\a_share_companies.txt | company-wiki\companies_list.txt | revenue-forecast\.planning\2026-09-19-three-project-history-audit\execution_runs\I-14-F-R1\a20260922-01\iso\red-tree\companies_list.txt,possible duplicate; retained separately for identity review
星网宇达,CN:002829 | RAW:星网宇达,CN | unspecified,company-wiki\a_share_companies.txt | revenue-forecast\.review-zr407-20260818\company-wiki\a_share_companies.txt | StockInfoDLSimple\v2-clean-rewrite\a_share_companies.txt | company-wiki\companies_list.txt | revenue-forecast\.planning\2026-09-19-three-project-history-audit\execution_runs\I-14-F-R1\a20260922-01\iso\red-tree\companies_list.txt,possible duplicate; retained separately for identity review
春秋航空,CN:601021 | RAW:春秋航空,CN | unspecified,company-wiki\a_share_companies.txt | revenue-forecast\.review-zr407-20260818\company-wiki\a_share_companies.txt | StockInfoDLSimple\v2-clean-rewrite\a_share_companies.txt | company-wiki\companies_list.txt | revenue-forecast\.planning\2026-09-19-three-project-history-audit\execution_runs\I-14-F-R1\a20260922-01\iso\red-tree\companies_list.txt,possible duplicate; retained separately for identity review
普门科技,CN:688389 | RAW:普门科技,CN | unspecified,company-wiki\a_share_companies.txt | revenue-forecast\.review-zr407-20260818\company-wiki\a_share_companies.txt | StockInfoDLSimple\v2-clean-rewrite\a_share_companies.txt | company-wiki\companies_list.txt | Research\config\pending_list.txt | revenue-forecast\.planning\2026-09-19-three-project-history-audit\execution_runs\I-14-F-R1\a20260922-01\iso\red-tree\companies_list.txt,possible duplicate; retained separately for identity review
景嘉微,CN:300474 | RAW:景嘉微,CN | unspecified,company-wiki\a_share_companies.txt | revenue-forecast\.review-zr407-20260818\company-wiki\a_share_companies.txt | StockInfoDLSimple\v2-clean-rewrite\a_share_companies.txt | company-wiki\companies_list.txt | revenue-forecast\.planning\2026-09-19-three-project-history-audit\execution_runs\I-14-F-R1\a20260922-01\iso\red-tree\companies_list.txt,possible duplicate; retained separately for identity review
曙光数创,CN:872808 | RAW:曙光数创,CN | unspecified,company-wiki\a_share_companies.txt | revenue-forecast\.review-zr407-20260818\company-wiki\a_share_companies.txt | StockInfoDLSimple\v2-clean-rewrite\a_share_companies.txt | company-wiki\companies_list.txt | revenue-forecast\.planning\2026-09-19-three-project-history-audit\execution_runs\I-14-F-R1\a20260922-01\iso\red-tree\companies_list.txt,possible duplicate; retained separately for identity review
杭氧股份,CN:002430 | RAW:杭氧股份,CN | unspecified,company-wiki\a_share_companies.txt | revenue-forecast\.review-zr407-20260818\company-wiki\a_share_companies.txt | StockInfoDLSimple\v2-clean-rewrite\a_share_companies.txt | company-wiki\companies_list.txt | revenue-forecast\.planning\2026-09-19-three-project-history-audit\execution_runs\I-14-F-R1\a20260922-01\iso\red-tree\companies_list.txt,possible duplicate; retained separately for identity review
格力电器,CN:000651 | RAW:格力电器,CN | unspecified,company-wiki\a_share_companies.txt | revenue-forecast\.review-zr407-20260818\company-wiki\a_share_companies.txt | StockInfoDLSimple\v2-clean-rewrite\a_share_companies.txt | company-wiki\companies_list.txt | Research\config\pending_list.txt | revenue-forecast\.planning\2026-09-19-three-project-history-audit\execution_runs\I-14-F-R1\a20260922-01\iso\red-tree\companies_list.txt,possible duplicate; retained separately for identity review
桃李面包,CN:603866 | RAW:桃李面包,CN | unspecified,company-wiki\a_share_companies.txt | revenue-forecast\.review-zr407-20260818\company-wiki\a_share_companies.txt | StockInfoDLSimple\v2-clean-rewrite\a_share_companies.txt | company-wiki\companies_list.txt | revenue-forecast\.planning\2026-09-19-three-project-history-audit\execution_runs\I-14-F-R1\a20260922-01\iso\red-tree\companies_list.txt,possible duplicate; retained separately for identity review
梦百合,CN:603313 | RAW:梦百合,CN | unspecified,company-wiki\a_share_companies.txt | revenue-forecast\.review-zr407-20260818\company-wiki\a_share_companies.txt | StockInfoDLSimple\v2-clean-rewrite\a_share_companies.txt | company-wiki\companies_list.txt | revenue-forecast\.planning\2026-09-19-three-project-history-audit\execution_runs\I-14-F-R1\a20260922-01\iso\red-tree\companies_list.txt,possible duplicate; retained separately for identity review
概伦电子,CN:688206 | RAW:概伦电子,CN | unspecified,StockInfoDLSimple\v2-clean-rewrite\a_share_companies.txt | company-wiki\companies_list.txt | revenue-forecast\.planning\2026-09-19-three-project-history-audit\execution_runs\I-14-F-R1\a20260922-01\iso\red-tree\companies_list.txt,possible duplicate; retained separately for identity review
欧派家居,CN:603833 | RAW:欧派家居,CN | unspecified,company-wiki\a_share_companies.txt | revenue-forecast\.review-zr407-20260818\company-wiki\a_share_companies.txt | StockInfoDLSimple\v2-clean-rewrite\a_share_companies.txt | company-wiki\companies_list.txt | revenue-forecast\.planning\2026-09-19-three-project-history-audit\execution_runs\I-14-F-R1\a20260922-01\iso\red-tree\companies_list.txt,possible duplicate; retained separately for identity review
欧科亿,CN:688308 | RAW:欧科亿,CN | unspecified,company-wiki\a_share_companies.txt | revenue-forecast\.review-zr407-20260818\company-wiki\a_share_companies.txt | StockInfoDLSimple\v2-clean-rewrite\a_share_companies.txt | company-wiki\companies_list.txt | revenue-forecast\.planning\2026-09-19-three-project-history-audit\execution_runs\I-14-F-R1\a20260922-01\iso\red-tree\companies_list.txt,possible duplicate; retained separately for identity review
歌力思,CN:603808 | RAW:歌力思,CN | unspecified,company-wiki\a_share_companies.txt | revenue-forecast\.review-zr407-20260818\company-wiki\a_share_companies.txt | StockInfoDLSimple\v2-clean-rewrite\a_share_companies.txt | company-wiki\companies_list.txt | revenue-forecast\.planning\2026-09-19-three-project-history-audit\execution_runs\I-14-F-R1\a20260922-01\iso\red-tree\companies_list.txt,possible duplicate; retained separately for identity review
江丰电子,CN:300666 | RAW:江丰电子,CN | unspecified,company-wiki\a_share_companies.txt | revenue-forecast\.review-zr407-20260818\company-wiki\a_share_companies.txt | StockInfoDLSimple\v2-clean-rewrite\a_share_companies.txt | company-wiki\companies_list.txt | revenue-forecast\.planning\2026-09-19-three-project-history-audit\execution_runs\I-14-F-R1\a20260922-01\iso\red-tree\companies_list.txt,possible duplicate; retained separately for identity review
沃尔德,CN:688028 | RAW:沃尔德,CN | unspecified,company-wiki\a_share_companies.txt | revenue-forecast\.review-zr407-20260818\company-wiki\a_share_companies.txt | StockInfoDLSimple\v2-clean-rewrite\a_share_companies.txt | company-wiki\companies_list.txt | revenue-forecast\.planning\2026-09-19-three-project-history-audit\execution_runs\I-14-F-R1\a20260922-01\iso\red-tree\companies_list.txt,possible duplicate; retained separately for identity review
沪硅产业,CN:688126 | RAW:沪硅产业,CN | unspecified,company-wiki\a_share_companies.txt | revenue-forecast\.review-zr407-20260818\company-wiki\a_share_companies.txt | StockInfoDLSimple\v2-clean-rewrite\a_share_companies.txt | company-wiki\companies_list.txt | revenue-forecast\.planning\2026-09-19-three-project-history-audit\execution_runs\I-14-F-R1\a20260922-01\iso\red-tree\companies_list.txt,possible duplicate; retained separately for identity review
泽达易盛,CN:688555 | RAW:泽达易盛,CN | unspecified,company-wiki\a_share_companies.txt | revenue-forecast\.review-zr407-20260818\company-wiki\a_share_companies.txt | company-wiki\companies_list.txt | revenue-forecast\.planning\2026-09-19-three-project-history-audit\execution_runs\I-14-F-R1\a20260922-01\iso\red-tree\companies_list.txt,possible duplicate; retained separately for identity review
洋河股份,CN:002304 | RAW:洋河股份,CN | unspecified,company-wiki\a_share_companies.txt | revenue-forecast\.review-zr407-20260818\company-wiki\a_share_companies.txt | StockInfoDLSimple\v2-clean-rewrite\a_share_companies.txt | company-wiki\companies_list.txt | revenue-forecast\.planning\2026-09-19-three-project-history-audit\execution_runs\I-14-F-R1\a20260922-01\iso\red-tree\companies_list.txt,possible duplicate; retained separately for identity review
洽洽食品,CN:002557 | RAW:洽洽食品,CN | unspecified,company-wiki\a_share_companies.txt | revenue-forecast\.review-zr407-20260818\company-wiki\a_share_companies.txt | StockInfoDLSimple\v2-clean-rewrite\a_share_companies.txt | company-wiki\companies_list.txt | revenue-forecast\.planning\2026-09-19-three-project-history-audit\execution_runs\I-14-F-R1\a20260922-01\iso\red-tree\companies_list.txt,possible duplicate; retained separately for identity review
派克新材,CN:605123 | RAW:派克新材,CN | unspecified,company-wiki\a_share_companies.txt | revenue-forecast\.review-zr407-20260818\company-wiki\a_share_companies.txt | StockInfoDLSimple\v2-clean-rewrite\a_share_companies.txt | company-wiki\companies_list.txt | revenue-forecast\.planning\2026-09-19-three-project-history-audit\execution_runs\I-14-F-R1\a20260922-01\iso\red-tree\companies_list.txt,possible duplicate; retained separately for identity review
浪潮信息,CN:000977 | RAW:浪潮信息,CN | unspecified,company-wiki\a_share_companies.txt | revenue-forecast\.review-zr407-20260818\company-wiki\a_share_companies.txt | StockInfoDLSimple\v2-clean-rewrite\a_share_companies.txt | company-wiki\companies_list.txt | revenue-forecast\.planning\2026-09-19-three-project-history-audit\execution_runs\I-14-F-R1\a20260922-01\iso\red-tree\companies_list.txt,possible duplicate; retained separately for identity review
海光信息,CN:688041 | RAW:海光信息,CN | unspecified,company-wiki\a_share_companies.txt | revenue-forecast\.review-zr407-20260818\company-wiki\a_share_companies.txt | StockInfoDLSimple\v2-clean-rewrite\a_share_companies.txt | company-wiki\companies_list.txt | revenue-forecast\.planning\2026-09-19-three-project-history-audit\execution_runs\I-14-F-R1\a20260922-01\iso\red-tree\companies_list.txt,possible duplicate; retained separately for identity review
海天瑞声,CN:688787 | RAW:海天瑞声,CN | unspecified,company-wiki\a_share_companies.txt | revenue-forecast\.review-zr407-20260818\company-wiki\a_share_companies.txt | StockInfoDLSimple\v2-clean-rewrite\a_share_companies.txt | company-wiki\companies_list.txt | revenue-forecast\.planning\2026-09-19-three-project-history-audit\execution_runs\I-14-F-R1\a20260922-01\iso\red-tree\companies_list.txt,possible duplicate; retained separately for identity review
海康威视,CN:002415 | RAW:海康威视,CN | unspecified,company-wiki\a_share_companies.txt | revenue-forecast\.review-zr407-20260818\company-wiki\a_share_companies.txt | StockInfoDLSimple\v2-clean-rewrite\a_share_companies.txt | company-wiki\companies_list.txt | Research\config\pending_list.txt | revenue-forecast\.planning\2026-09-19-three-project-history-audit\execution_runs\I-14-F-R1\a20260922-01\iso\red-tree\companies_list.txt,possible duplicate; retained separately for identity review
海澜之家,CN:600398 | RAW:海澜之家,CN | unspecified,company-wiki\a_share_companies.txt | revenue-forecast\.review-zr407-20260818\company-wiki\a_share_companies.txt | StockInfoDLSimple\v2-clean-rewrite\a_share_companies.txt | company-wiki\companies_list.txt | Research\config\pending_list.txt | revenue-forecast\.planning\2026-09-19-three-project-history-audit\execution_runs\I-14-F-R1\a20260922-01\iso\red-tree\companies_list.txt,possible duplicate; retained separately for identity review
溢多利,CN:300381 | RAW:溢多利,CN | unspecified,company-wiki\a_share_companies.txt | revenue-forecast\.review-zr407-20260818\company-wiki\a_share_companies.txt | StockInfoDLSimple\v2-clean-rewrite\a_share_companies.txt | company-wiki\companies_list.txt | revenue-forecast\.planning\2026-09-19-three-project-history-audit\execution_runs\I-14-F-R1\a20260922-01\iso\red-tree\companies_list.txt,possible duplicate; retained separately for identity review
潮宏基,CN:002345 | RAW:潮宏基,CN | unspecified,company-wiki\a_share_companies.txt | revenue-forecast\.review-zr407-20260818\company-wiki\a_share_companies.txt | StockInfoDLSimple\v2-clean-rewrite\a_share_companies.txt | company-wiki\companies_list.txt | revenue-forecast\.planning\2026-09-19-three-project-history-audit\execution_runs\I-14-F-R1\a20260922-01\iso\red-tree\companies_list.txt,possible duplicate; retained separately for identity review
火炬电子,CN:603678 | RAW:火炬电子,CN | unspecified,company-wiki\a_share_companies.txt | revenue-forecast\.review-zr407-20260818\company-wiki\a_share_companies.txt | StockInfoDLSimple\v2-clean-rewrite\a_share_companies.txt | company-wiki\companies_list.txt | Research\config\pending_list.txt | revenue-forecast\.planning\2026-09-19-three-project-history-audit\execution_runs\I-14-F-R1\a20260922-01\iso\red-tree\companies_list.txt,possible duplicate; retained separately for identity review
爱婴室,CN:603214 | RAW:爱婴室,CN | unspecified,company-wiki\a_share_companies.txt | revenue-forecast\.review-zr407-20260818\company-wiki\a_share_companies.txt | StockInfoDLSimple\v2-clean-rewrite\a_share_companies.txt | company-wiki\companies_list.txt | revenue-forecast\.planning\2026-09-19-three-project-history-audit\execution_runs\I-14-F-R1\a20260922-01\iso\red-tree\companies_list.txt,possible duplicate; retained separately for identity review
玉禾田,CN:300815 | RAW:玉禾田,CN | unspecified,company-wiki\a_share_companies.txt | revenue-forecast\.review-zr407-20260818\company-wiki\a_share_companies.txt | StockInfoDLSimple\v2-clean-rewrite\a_share_companies.txt | company-wiki\companies_list.txt | revenue-forecast\.planning\2026-09-19-three-project-history-audit\execution_runs\I-14-F-R1\a20260922-01\iso\red-tree\companies_list.txt,possible duplicate; retained separately for identity review
玲珑轮胎,CN:601966 | RAW:玲珑轮胎,CN | unspecified,company-wiki\a_share_companies.txt | revenue-forecast\.review-zr407-20260818\company-wiki\a_share_companies.txt | StockInfoDLSimple\v2-clean-rewrite\a_share_companies.txt | company-wiki\companies_list.txt | revenue-forecast\.planning\2026-09-19-three-project-history-audit\execution_runs\I-14-F-R1\a20260922-01\iso\red-tree\companies_list.txt,possible duplicate; retained separately for identity review
珀莱雅,CN:603605 | RAW:珀莱雅,CN | unspecified,company-wiki\a_share_companies.txt | revenue-forecast\.review-zr407-20260818\company-wiki\a_share_companies.txt | StockInfoDLSimple\v2-clean-rewrite\a_share_companies.txt | company-wiki\companies_list.txt | Research\config\pending_list.txt | revenue-forecast\.planning\2026-09-19-three-project-history-audit\execution_runs\I-14-F-R1\a20260922-01\iso\red-tree\companies_list.txt,possible duplicate; retained separately for identity review
珂玛科技,CN:301611 | RAW:珂玛科技,CN | unspecified,company-wiki\a_share_companies.txt | revenue-forecast\.review-zr407-20260818\company-wiki\a_share_companies.txt | StockInfoDLSimple\v2-clean-rewrite\a_share_companies.txt | StockInfoDLSimple\v2-clean-rewrite\companies.txt | company-wiki\companies_list.txt | Research\config\pending_list.txt | revenue-forecast\.planning\2026-09-19-three-project-history-audit\execution_runs\I-14-F-R1\a20260922-01\iso\red-tree\companies_list.txt,possible duplicate; retained separately for identity review
甬矽电子,CN:688362 | RAW:甬矽电子,CN | unspecified,company-wiki\a_share_companies.txt | revenue-forecast\.review-zr407-20260818\company-wiki\a_share_companies.txt | StockInfoDLSimple\v2-clean-rewrite\a_share_companies.txt | company-wiki\companies_list.txt | revenue-forecast\.planning\2026-09-19-three-project-history-audit\execution_runs\I-14-F-R1\a20260922-01\iso\red-tree\companies_list.txt,possible duplicate; retained separately for identity review
申菱环境,CN:301018 | RAW:申菱环境,CN | unspecified,company-wiki\a_share_companies.txt | revenue-forecast\.review-zr407-20260818\company-wiki\a_share_companies.txt | StockInfoDLSimple\v2-clean-rewrite\a_share_companies.txt | company-wiki\companies_list.txt | revenue-forecast\.planning\2026-09-19-three-project-history-audit\execution_runs\I-14-F-R1\a20260922-01\iso\red-tree\companies_list.txt,possible duplicate; retained separately for identity review
百傲化学,CN:603360 | RAW:百傲化学,CN | unspecified,company-wiki\a_share_companies.txt | revenue-forecast\.review-zr407-20260818\company-wiki\a_share_companies.txt | StockInfoDLSimple\v2-clean-rewrite\a_share_companies.txt | company-wiki\companies_list.txt | Research\config\pending_list.txt | revenue-forecast\.planning\2026-09-19-three-project-history-audit\execution_runs\I-14-F-R1\a20260922-01\iso\red-tree\companies_list.txt,possible duplicate; retained separately for identity review
百济神州,CN:688235 | RAW:百济神州,CN | unspecified,company-wiki\a_share_companies.txt | revenue-forecast\.review-zr407-20260818\company-wiki\a_share_companies.txt | StockInfoDLSimple\v2-clean-rewrite\a_share_companies.txt | company-wiki\companies_list.txt | revenue-forecast\.planning\2026-09-19-three-project-history-audit\execution_runs\I-14-F-R1\a20260922-01\iso\red-tree\companies_list.txt,possible duplicate; retained separately for identity review
盈建科,CN:300935 | RAW:盈建科,CN | unspecified,company-wiki\a_share_companies.txt | revenue-forecast\.review-zr407-20260818\company-wiki\a_share_companies.txt | StockInfoDLSimple\v2-clean-rewrite\a_share_companies.txt | company-wiki\companies_list.txt | Research\config\pending_list.txt | revenue-forecast\.planning\2026-09-19-three-project-history-audit\execution_runs\I-14-F-R1\a20260922-01\iso\red-tree\companies_list.txt,possible duplicate; retained separately for identity review
盛美上海,CN:688082 | RAW:盛美上海,CN | unspecified,company-wiki\a_share_companies.txt | revenue-forecast\.review-zr407-20260818\company-wiki\a_share_companies.txt | StockInfoDLSimple\v2-clean-rewrite\a_share_companies.txt | company-wiki\companies_list.txt | revenue-forecast\.planning\2026-09-19-three-project-history-audit\execution_runs\I-14-F-R1\a20260922-01\iso\red-tree\companies_list.txt,possible duplicate; retained separately for identity review
石英股份,CN:603688 | RAW:石英股份,CN | unspecified,company-wiki\a_share_companies.txt | revenue-forecast\.review-zr407-20260818\company-wiki\a_share_companies.txt | StockInfoDLSimple\v2-clean-rewrite\a_share_companies.txt | company-wiki\companies_list.txt | Research\config\pending_list.txt | revenue-forecast\.planning\2026-09-19-three-project-history-audit\execution_runs\I-14-F-R1\a20260922-01\iso\red-tree\companies_list.txt,possible duplicate; retained separately for identity review
祥源新材,CN:300980 | RAW:祥源新材,CN | unspecified,company-wiki\a_share_companies.txt | revenue-forecast\.review-zr407-20260818\company-wiki\a_share_companies.txt | StockInfoDLSimple\v2-clean-rewrite\a_share_companies.txt | company-wiki\companies_list.txt | revenue-forecast\.planning\2026-09-19-three-project-history-audit\execution_runs\I-14-F-R1\a20260922-01\iso\red-tree\companies_list.txt,possible duplicate; retained separately for identity review
福斯特,CN:603806 | RAW:福斯特,CN | unspecified,company-wiki\a_share_companies.txt | revenue-forecast\.review-zr407-20260818\company-wiki\a_share_companies.txt | StockInfoDLSimple\v2-clean-rewrite\a_share_companies.txt | company-wiki\companies_list.txt | revenue-forecast\.planning\2026-09-19-three-project-history-audit\execution_runs\I-14-F-R1\a20260922-01\iso\red-tree\companies_list.txt,possible duplicate; retained separately for identity review
禾信仪器,CN:688622 | RAW:禾信仪器,CN | unspecified,company-wiki\a_share_companies.txt | revenue-forecast\.review-zr407-20260818\company-wiki\a_share_companies.txt | company-wiki\companies_list.txt | revenue-forecast\.planning\2026-09-19-three-project-history-audit\execution_runs\I-14-F-R1\a20260922-01\iso\red-tree\companies_list.txt,possible duplicate; retained separately for identity review
科大讯飞,CN:002230 | RAW:科大讯飞,CN | unspecified,company-wiki\a_share_companies.txt | revenue-forecast\.review-zr407-20260818\company-wiki\a_share_companies.txt | StockInfoDLSimple\v2-clean-rewrite\a_share_companies.txt | company-wiki\companies_list.txt | revenue-forecast\.planning\2026-09-19-three-project-history-audit\execution_runs\I-14-F-R1\a20260922-01\iso\red-tree\companies_list.txt,possible duplicate; retained separately for identity review
科思科技,CN:688788 | RAW:科思科技,CN | unspecified,company-wiki\a_share_companies.txt | revenue-forecast\.review-zr407-20260818\company-wiki\a_share_companies.txt | StockInfoDLSimple\v2-clean-rewrite\a_share_companies.txt | company-wiki\companies_list.txt | revenue-forecast\.planning\2026-09-19-three-project-history-audit\execution_runs\I-14-F-R1\a20260922-01\iso\red-tree\companies_list.txt,possible duplicate; retained separately for identity review
精测电子,CN:300567 | RAW:精测电子,CN | unspecified,company-wiki\a_share_companies.txt | revenue-forecast\.review-zr407-20260818\company-wiki\a_share_companies.txt | StockInfoDLSimple\v2-clean-rewrite\a_share_companies.txt | company-wiki\companies_list.txt | revenue-forecast\.planning\2026-09-19-three-project-history-audit\execution_runs\I-14-F-R1\a20260922-01\iso\red-tree\companies_list.txt,possible duplicate; retained separately for identity review
索菲亚,CN:002572 | RAW:索菲亚,CN | unspecified,company-wiki\a_share_companies.txt | revenue-forecast\.review-zr407-20260818\company-wiki\a_share_companies.txt | StockInfoDLSimple\v2-clean-rewrite\a_share_companies.txt | company-wiki\companies_list.txt | Research\config\pending_list.txt | revenue-forecast\.planning\2026-09-19-three-project-history-audit\execution_runs\I-14-F-R1\a20260922-01\iso\red-tree\companies_list.txt,possible duplicate; retained separately for identity review
紫光股份,CN:000938 | RAW:紫光股份,CN | unspecified,company-wiki\a_share_companies.txt | revenue-forecast\.review-zr407-20260818\company-wiki\a_share_companies.txt | StockInfoDLSimple\v2-clean-rewrite\a_share_companies.txt | company-wiki\companies_list.txt | revenue-forecast\.planning\2026-09-19-three-project-history-audit\execution_runs\I-14-F-R1\a20260922-01\iso\red-tree\companies_list.txt,possible duplicate; retained separately for identity review
绝味食品,CN:603517 | RAW:绝味食品,CN | unspecified,company-wiki\a_share_companies.txt | revenue-forecast\.review-zr407-20260818\company-wiki\a_share_companies.txt | company-wiki\companies_list.txt | revenue-forecast\.planning\2026-09-19-three-project-history-audit\execution_runs\I-14-F-R1\a20260922-01\iso\red-tree\companies_list.txt,possible duplicate; retained separately for identity review
绿茵生态,CN:002887 | RAW:绿茵生态,CN | unspecified,company-wiki\a_share_companies.txt | revenue-forecast\.review-zr407-20260818\company-wiki\a_share_companies.txt | StockInfoDLSimple\v2-clean-rewrite\a_share_companies.txt | company-wiki\companies_list.txt | revenue-forecast\.planning\2026-09-19-three-project-history-audit\execution_runs\I-14-F-R1\a20260922-01\iso\red-tree\companies_list.txt,possible duplicate; retained separately for identity review
美凯龙,CN:601828 | RAW:美凯龙,CN | unspecified,company-wiki\a_share_companies.txt | revenue-forecast\.review-zr407-20260818\company-wiki\a_share_companies.txt | StockInfoDLSimple\v2-clean-rewrite\a_share_companies.txt | company-wiki\companies_list.txt | revenue-forecast\.planning\2026-09-19-three-project-history-audit\execution_runs\I-14-F-R1\a20260922-01\iso\red-tree\companies_list.txt,possible duplicate; retained separately for identity review
老凤祥,CN:600612 | RAW:老凤祥,CN | unspecified,company-wiki\a_share_companies.txt | revenue-forecast\.review-zr407-20260818\company-wiki\a_share_companies.txt | StockInfoDLSimple\v2-clean-rewrite\a_share_companies.txt | company-wiki\companies_list.txt | revenue-forecast\.planning\2026-09-19-three-project-history-audit\execution_runs\I-14-F-R1\a20260922-01\iso\red-tree\companies_list.txt,possible duplicate; retained separately for identity review
联影医疗,CN:688271 | RAW:联影医疗,CN | unspecified,company-wiki\a_share_companies.txt | revenue-forecast\.review-zr407-20260818\company-wiki\a_share_companies.txt | StockInfoDLSimple\v2-clean-rewrite\a_share_companies.txt | company-wiki\companies_list.txt | revenue-forecast\.planning\2026-09-19-three-project-history-audit\execution_runs\I-14-F-R1\a20260922-01\iso\red-tree\companies_list.txt,possible duplicate; retained separately for identity review
至纯科技,CN:603690 | RAW:至纯科技,CN | unspecified,company-wiki\a_share_companies.txt | revenue-forecast\.review-zr407-20260818\company-wiki\a_share_companies.txt | StockInfoDLSimple\v2-clean-rewrite\a_share_companies.txt | company-wiki\companies_list.txt | Research\config\pending_list.txt | revenue-forecast\.planning\2026-09-19-three-project-history-audit\execution_runs\I-14-F-R1\a20260922-01\iso\red-tree\companies_list.txt,possible duplicate; retained separately for identity review
航发动力,CN:600893 | RAW:航发动力,CN | unspecified,company-wiki\a_share_companies.txt | revenue-forecast\.review-zr407-20260818\company-wiki\a_share_companies.txt | StockInfoDLSimple\v2-clean-rewrite\a_share_companies.txt | company-wiki\companies_list.txt | revenue-forecast\.planning\2026-09-19-three-project-history-audit\execution_runs\I-14-F-R1\a20260922-01\iso\red-tree\companies_list.txt,possible duplicate; retained separately for identity review
航发控制,CN:000738 | RAW:航发控制,CN | unspecified,company-wiki\a_share_companies.txt | revenue-forecast\.review-zr407-20260818\company-wiki\a_share_companies.txt | StockInfoDLSimple\v2-clean-rewrite\a_share_companies.txt | company-wiki\companies_list.txt | revenue-forecast\.planning\2026-09-19-three-project-history-audit\execution_runs\I-14-F-R1\a20260922-01\iso\red-tree\companies_list.txt,possible duplicate; retained separately for identity review
航发科技,CN:600391 | RAW:航发科技,CN | unspecified,company-wiki\a_share_companies.txt | revenue-forecast\.review-zr407-20260818\company-wiki\a_share_companies.txt | StockInfoDLSimple\v2-clean-rewrite\a_share_companies.txt | company-wiki\companies_list.txt | revenue-forecast\.planning\2026-09-19-three-project-history-audit\execution_runs\I-14-F-R1\a20260922-01\iso\red-tree\companies_list.txt,possible duplicate; retained separately for identity review
航天发展,CN:000547 | RAW:航天发展,CN | unspecified,company-wiki\a_share_companies.txt | revenue-forecast\.review-zr407-20260818\company-wiki\a_share_companies.txt | StockInfoDLSimple\v2-clean-rewrite\a_share_companies.txt | company-wiki\companies_list.txt | Research\config\pending_list.txt | revenue-forecast\.planning\2026-09-19-three-project-history-audit\execution_runs\I-14-F-R1\a20260922-01\iso\red-tree\companies_list.txt,possible duplicate; retained separately for identity review
芒果超媒,CN:300413 | RAW:芒果超媒,CN | unspecified,company-wiki\a_share_companies.txt | revenue-forecast\.review-zr407-20260818\company-wiki\a_share_companies.txt | StockInfoDLSimple\v2-clean-rewrite\a_share_companies.txt | company-wiki\companies_list.txt | revenue-forecast\.planning\2026-09-19-three-project-history-audit\execution_runs\I-14-F-R1\a20260922-01\iso\red-tree\companies_list.txt,possible duplicate; retained separately for identity review
苏博特,CN:603916 | RAW:苏博特,CN | unspecified,company-wiki\a_share_companies.txt | revenue-forecast\.review-zr407-20260818\company-wiki\a_share_companies.txt | StockInfoDLSimple\v2-clean-rewrite\a_share_companies.txt | company-wiki\companies_list.txt | revenue-forecast\.planning\2026-09-19-three-project-history-audit\execution_runs\I-14-F-R1\a20260922-01\iso\red-tree\companies_list.txt,possible duplicate; retained separately for identity review
苏试试验,CN:300416 | RAW:苏试试验,CN | unspecified,company-wiki\a_share_companies.txt | revenue-forecast\.review-zr407-20260818\company-wiki\a_share_companies.txt | StockInfoDLSimple\v2-clean-rewrite\a_share_companies.txt | company-wiki\companies_list.txt | Research\config\pending_list.txt | revenue-forecast\.planning\2026-09-19-three-project-history-audit\execution_runs\I-14-F-R1\a20260922-01\iso\red-tree\companies_list.txt,possible duplicate; retained separately for identity review
英维克,CN:002837 | RAW:英维克,CN | unspecified,company-wiki\a_share_companies.txt | revenue-forecast\.review-zr407-20260818\company-wiki\a_share_companies.txt | StockInfoDLSimple\v2-clean-rewrite\a_share_companies.txt | company-wiki\companies_list.txt | revenue-forecast\.planning\2026-09-19-three-project-history-audit\execution_runs\I-14-F-R1\a20260922-01\iso\red-tree\companies_list.txt,possible duplicate; retained separately for identity review
茅台,CN:600519 | RAW:茅台,CN | unspecified,company-wiki\a_share_companies.txt | revenue-forecast\.review-zr407-20260818\company-wiki\a_share_companies.txt | company-wiki\companies_list.txt | revenue-forecast\.planning\2026-09-19-three-project-history-audit\execution_runs\I-14-F-R1\a20260922-01\iso\red-tree\companies_list.txt,possible duplicate; retained separately for identity review
药明康德,CN:603259 | RAW:药明康德,CN | unspecified,company-wiki\a_share_companies.txt | revenue-forecast\.review-zr407-20260818\company-wiki\a_share_companies.txt | StockInfoDLSimple\v2-clean-rewrite\a_share_companies.txt | company-wiki\companies_list.txt | revenue-forecast\.planning\2026-09-19-three-project-history-audit\execution_runs\I-14-F-R1\a20260922-01\iso\red-tree\companies_list.txt,possible duplicate; retained separately for identity review
菲利华,CN:300395 | RAW:菲利华,CN | unspecified,company-wiki\a_share_companies.txt | revenue-forecast\.review-zr407-20260818\company-wiki\a_share_companies.txt | StockInfoDLSimple\v2-clean-rewrite\a_share_companies.txt | company-wiki\companies_list.txt | Research\config\pending_list.txt | revenue-forecast\.planning\2026-09-19-three-project-history-audit\execution_runs\I-14-F-R1\a20260922-01\iso\red-tree\companies_list.txt,possible duplicate; retained separately for identity review
虹软科技,CN:688088 | RAW:虹软科技,CN | unspecified,company-wiki\a_share_companies.txt | revenue-forecast\.review-zr407-20260818\company-wiki\a_share_companies.txt | StockInfoDLSimple\v2-clean-rewrite\a_share_companies.txt | company-wiki\companies_list.txt | revenue-forecast\.planning\2026-09-19-three-project-history-audit\execution_runs\I-14-F-R1\a20260922-01\iso\red-tree\companies_list.txt,possible duplicate; retained separately for identity review
视觉中国,CN:000681 | RAW:视觉中国,CN | unspecified,company-wiki\a_share_companies.txt | revenue-forecast\.review-zr407-20260818\company-wiki\a_share_companies.txt | StockInfoDLSimple\v2-clean-rewrite\a_share_companies.txt | company-wiki\companies_list.txt | Research\config\pending_list.txt | revenue-forecast\.planning\2026-09-19-three-project-history-audit\execution_runs\I-14-F-R1\a20260922-01\iso\red-tree\companies_list.txt,possible duplicate; retained separately for identity review
许继电气,CN:000400 | RAW:许继电气,CN | unspecified,company-wiki\a_share_companies.txt | revenue-forecast\.review-zr407-20260818\company-wiki\a_share_companies.txt | StockInfoDLSimple\v2-clean-rewrite\a_share_companies.txt | company-wiki\companies_list.txt | revenue-forecast\.planning\2026-09-19-three-project-history-audit\execution_runs\I-14-F-R1\a20260922-01\iso\red-tree\companies_list.txt,possible duplicate; retained separately for identity review
设计总院,CN:603357 | RAW:设计总院,CN | unspecified,company-wiki\a_share_companies.txt | revenue-forecast\.review-zr407-20260818\company-wiki\a_share_companies.txt | StockInfoDLSimple\v2-clean-rewrite\a_share_companies.txt | company-wiki\companies_list.txt | revenue-forecast\.planning\2026-09-19-three-project-history-audit\execution_runs\I-14-F-R1\a20260922-01\iso\red-tree\companies_list.txt,possible duplicate; retained separately for identity review
贝泰妮,CN:300957 | RAW:贝泰妮,CN | unspecified,company-wiki\a_share_companies.txt | revenue-forecast\.review-zr407-20260818\company-wiki\a_share_companies.txt | StockInfoDLSimple\v2-clean-rewrite\a_share_companies.txt | company-wiki\companies_list.txt | revenue-forecast\.planning\2026-09-19-three-project-history-audit\execution_runs\I-14-F-R1\a20260922-01\iso\red-tree\companies_list.txt,possible duplicate; retained separately for identity review
赛轮轮胎,CN:601058 | RAW:赛轮轮胎,CN | unspecified,company-wiki\a_share_companies.txt | revenue-forecast\.review-zr407-20260818\company-wiki\a_share_companies.txt | StockInfoDLSimple\v2-clean-rewrite\a_share_companies.txt | company-wiki\companies_list.txt | revenue-forecast\.planning\2026-09-19-three-project-history-audit\execution_runs\I-14-F-R1\a20260922-01\iso\red-tree\companies_list.txt,possible duplicate; retained separately for identity review
迈瑞医疗,CN:300760 | RAW:迈瑞医疗,CN | unspecified,company-wiki\a_share_companies.txt | revenue-forecast\.review-zr407-20260818\company-wiki\a_share_companies.txt | StockInfoDLSimple\v2-clean-rewrite\a_share_companies.txt | company-wiki\companies_list.txt | Research\config\pending_list.txt | revenue-forecast\.planning\2026-09-19-three-project-history-audit\execution_runs\I-14-F-R1\a20260922-01\iso\red-tree\companies_list.txt,possible duplicate; retained separately for identity review
通富微电,CN:002156 | RAW:通富微电,CN | unspecified,company-wiki\a_share_companies.txt | revenue-forecast\.review-zr407-20260818\company-wiki\a_share_companies.txt | StockInfoDLSimple\v2-clean-rewrite\a_share_companies.txt | company-wiki\companies_list.txt | revenue-forecast\.planning\2026-09-19-three-project-history-audit\execution_runs\I-14-F-R1\a20260922-01\iso\red-tree\companies_list.txt,possible duplicate; retained separately for identity review
道氏技术,CN:300409 | RAW:道氏技术,CN | unspecified,company-wiki\a_share_companies.txt | revenue-forecast\.review-zr407-20260818\company-wiki\a_share_companies.txt | StockInfoDLSimple\v2-clean-rewrite\a_share_companies.txt | company-wiki\companies_list.txt | revenue-forecast\.planning\2026-09-19-three-project-history-audit\execution_runs\I-14-F-R1\a20260922-01\iso\red-tree\companies_list.txt,possible duplicate; retained separately for identity review
金禾实业,CN:002597 | RAW:金禾实业,CN | unspecified,company-wiki\a_share_companies.txt | revenue-forecast\.review-zr407-20260818\company-wiki\a_share_companies.txt | StockInfoDLSimple\v2-clean-rewrite\a_share_companies.txt | company-wiki\companies_list.txt | Research\config\pending_list.txt | revenue-forecast\.planning\2026-09-19-three-project-history-audit\execution_runs\I-14-F-R1\a20260922-01\iso\red-tree\companies_list.txt,possible duplicate; retained separately for identity review
金达莱,CN:688057 | RAW:金达莱,CN | unspecified,StockInfoDLSimple\v2-clean-rewrite\a_share_companies.txt | company-wiki\companies_list.txt | revenue-forecast\.planning\2026-09-19-three-project-history-audit\execution_runs\I-14-F-R1\a20260922-01\iso\red-tree\companies_list.txt,possible duplicate; retained separately for identity review
锦江股份,CN:600754 | RAW:锦江股份,CN | unspecified,company-wiki\a_share_companies.txt | revenue-forecast\.review-zr407-20260818\company-wiki\a_share_companies.txt | company-wiki\companies_list.txt | revenue-forecast\.planning\2026-09-19-three-project-history-audit\execution_runs\I-14-F-R1\a20260922-01\iso\red-tree\companies_list.txt,possible duplicate; retained separately for identity review
长安汽车,CN:000625 | RAW:长安汽车,CN | unspecified,company-wiki\a_share_companies.txt | revenue-forecast\.review-zr407-20260818\company-wiki\a_share_companies.txt | StockInfoDLSimple\v2-clean-rewrite\a_share_companies.txt | company-wiki\companies_list.txt | Research\config\pending_list.txt | revenue-forecast\.planning\2026-09-19-three-project-history-audit\execution_runs\I-14-F-R1\a20260922-01\iso\red-tree\companies_list.txt,possible duplicate; retained separately for identity review
长江证券,CN:000783 | RAW:长江证券,CN | unspecified,company-wiki\a_share_companies.txt | revenue-forecast\.review-zr407-20260818\company-wiki\a_share_companies.txt | StockInfoDLSimple\v2-clean-rewrite\a_share_companies.txt | company-wiki\companies_list.txt | revenue-forecast\.planning\2026-09-19-three-project-history-audit\execution_runs\I-14-F-R1\a20260922-01\iso\red-tree\companies_list.txt,possible duplicate; retained separately for identity review
长电科技,CN:600584 | RAW:长电科技,CN | unspecified,company-wiki\a_share_companies.txt | revenue-forecast\.review-zr407-20260818\company-wiki\a_share_companies.txt | StockInfoDLSimple\v2-clean-rewrite\a_share_companies.txt | company-wiki\companies_list.txt | revenue-forecast\.planning\2026-09-19-three-project-history-audit\execution_runs\I-14-F-R1\a20260922-01\iso\red-tree\companies_list.txt,possible duplicate; retained separately for identity review
阳光电源,CN:300274 | RAW:阳光电源,CN | unspecified,company-wiki\a_share_companies.txt | revenue-forecast\.review-zr407-20260818\company-wiki\a_share_companies.txt | StockInfoDLSimple\v2-clean-rewrite\a_share_companies.txt | company-wiki\companies_list.txt | revenue-forecast\.planning\2026-09-19-three-project-history-audit\execution_runs\I-14-F-R1\a20260922-01\iso\red-tree\companies_list.txt,possible duplicate; retained separately for identity review
阿拉丁,CN:688179 | RAW:阿拉丁,CN | unspecified,company-wiki\a_share_companies.txt | revenue-forecast\.review-zr407-20260818\company-wiki\a_share_companies.txt | StockInfoDLSimple\v2-clean-rewrite\a_share_companies.txt | company-wiki\companies_list.txt | revenue-forecast\.planning\2026-09-19-three-project-history-audit\execution_runs\I-14-F-R1\a20260922-01\iso\red-tree\companies_list.txt,possible duplicate; retained separately for identity review
陆家嘴,CN:600663 | RAW:陆家嘴,CN | unspecified,company-wiki\a_share_companies.txt | revenue-forecast\.review-zr407-20260818\company-wiki\a_share_companies.txt | StockInfoDLSimple\v2-clean-rewrite\a_share_companies.txt | company-wiki\companies_list.txt | Research\config\pending_list.txt | revenue-forecast\.planning\2026-09-19-three-project-history-audit\execution_runs\I-14-F-R1\a20260922-01\iso\red-tree\companies_list.txt,possible duplicate; retained separately for identity review
雅克科技,CN:002409 | RAW:雅克科技,CN | unspecified,company-wiki\a_share_companies.txt | revenue-forecast\.review-zr407-20260818\company-wiki\a_share_companies.txt | StockInfoDLSimple\v2-clean-rewrite\a_share_companies.txt | company-wiki\companies_list.txt | revenue-forecast\.planning\2026-09-19-three-project-history-audit\execution_runs\I-14-F-R1\a20260922-01\iso\red-tree\companies_list.txt,possible duplicate; retained separately for identity review
雪榕生物,CN:300511 | RAW:雪榕生物,CN | unspecified,company-wiki\a_share_companies.txt | revenue-forecast\.review-zr407-20260818\company-wiki\a_share_companies.txt | StockInfoDLSimple\v2-clean-rewrite\a_share_companies.txt | company-wiki\companies_list.txt | revenue-forecast\.planning\2026-09-19-three-project-history-audit\execution_runs\I-14-F-R1\a20260922-01\iso\red-tree\companies_list.txt,possible duplicate; retained separately for identity review
飞亚达,CN:000026 | RAW:飞亚达,CN | unspecified,company-wiki\a_share_companies.txt | revenue-forecast\.review-zr407-20260818\company-wiki\a_share_companies.txt | StockInfoDLSimple\v2-clean-rewrite\a_share_companies.txt | company-wiki\companies_list.txt | revenue-forecast\.planning\2026-09-19-three-project-history-audit\execution_runs\I-14-F-R1\a20260922-01\iso\red-tree\companies_list.txt,possible duplicate; retained separately for identity review
飞凯材料,CN:300398 | RAW:飞凯材料,CN | unspecified,company-wiki\a_share_companies.txt | revenue-forecast\.review-zr407-20260818\company-wiki\a_share_companies.txt | StockInfoDLSimple\v2-clean-rewrite\a_share_companies.txt | company-wiki\companies_list.txt | Research\config\pending_list.txt | revenue-forecast\.planning\2026-09-19-three-project-history-audit\execution_runs\I-14-F-R1\a20260922-01\iso\red-tree\companies_list.txt,possible duplicate; retained separately for identity review
飞龙股份,CN:002536 | RAW:飞龙股份,CN | unspecified,company-wiki\a_share_companies.txt | revenue-forecast\.review-zr407-20260818\company-wiki\a_share_companies.txt | StockInfoDLSimple\v2-clean-rewrite\a_share_companies.txt | company-wiki\companies_list.txt | revenue-forecast\.planning\2026-09-19-three-project-history-audit\execution_runs\I-14-F-R1\a20260922-01\iso\red-tree\companies_list.txt,possible duplicate; retained separately for identity review
高澜股份,CN:300499 | RAW:高澜股份,CN | unspecified,company-wiki\a_share_companies.txt | revenue-forecast\.review-zr407-20260818\company-wiki\a_share_companies.txt | StockInfoDLSimple\v2-clean-rewrite\a_share_companies.txt | company-wiki\companies_list.txt | revenue-forecast\.planning\2026-09-19-three-project-history-audit\execution_runs\I-14-F-R1\a20260922-01\iso\red-tree\companies_list.txt,possible duplicate; retained separately for identity review
鼎龙股份,CN:300054 | RAW:鼎龙股份,CN | unspecified,company-wiki\a_share_companies.txt | revenue-forecast\.review-zr407-20260818\company-wiki\a_share_companies.txt | StockInfoDLSimple\v2-clean-rewrite\a_share_companies.txt | company-wiki\companies_list.txt | revenue-forecast\.planning\2026-09-19-three-project-history-audit\execution_runs\I-14-F-R1\a20260922-01\iso\red-tree\companies_list.txt,possible duplicate; retained separately for identity review
